image_id,well_id,region_id,kind,area_px,center_x_px,center_y_px,centroid_pixel_x_px,centroid_pixel_y_px,mean_R_0_255,mean_G_0_255,mean_B_0_255,centroid_R_0_255,centroid_G_0_255,centroid_B_0_255,integrated_R,integrated_G,integrated_B,integrated_RGB_total,ratio_R_to_G,ratio_B_to_G,mean_brightness_0_255,mean_local_color_std,sample_hex,sample_id,dilution
01-IMG_0989,W01,1,broad,23800,723.1,1234.9,726,1236,180.3,147.51,4.86,176,143,2,4291173,3510632,115550,7917355,1.2223,0.0329,144.1,1.6,#B49405,,
01-IMG_0989,W01,2,broad,4078,910.3,1025.0,910,1025,178.58,145.21,6.5,178,146,3,728269,592175,26501,1346945,1.2298,0.0448,142.1,1.76,#B39106,,
01-IMG_0989,W01,3,broad,2388,938.0,1186.2,938,1186,178.94,145.12,9.3,178,144,8,427317,346547,22206,796070,1.2331,0.0641,142.4,1.9,#B39109,,
01-IMG_0989,W01,4,broad,1386,652.0,1063.6,652,1064,177.5,144.4,5.34,178,145,4,246014,200136,7402,453552,1.2292,0.037,141.18,1.41,#B19005,,
01-IMG_0989,W01,5,broad,1230,977.4,1091.2,977,1091,179.25,145.27,7.13,183,151,8,220479,178686,8766,407931,1.2339,0.0491,142.34,2.09,#B39107,,
01-IMG_0989,W01,6,broad,1074,837.3,999.2,837,999,178.43,145.11,6.96,179,146,7,191635,155849,7472,354956,1.2296,0.0479,142.06,1.91,#B29107,,
01-IMG_0989,W01,7,broad,308,696.4,1054.8,696,1055,177.73,144.44,6.08,176,143,4,54742,44487,1872,101101,1.2305,0.0421,140.7,1.58,#B29006,,
01-IMG_0989,W01,8,broad,206,986.5,1196.7,986,1197,179.87,143.12,9.58,179,142,9,37053,29482,1973,68508,1.2568,0.0669,140.69,1.9,#B48F0A,,
01-IMG_0989,W01,9,broad,205,734.5,1053.0,735,1053,177.51,144.14,6.76,178,144,8,36389,29548,1386,67323,1.2315,0.0469,140.8,1.88,#B29007,,
01-IMG_0989,W01,10,broad,195,942.5,1110.5,943,1110,177.31,143.62,7.35,179,145,11,34575,28005,1433,64013,1.2346,0.0512,140.78,2.19,#B19007,,
01-IMG_0989,W01,11,broad,189,875.2,1243.7,875,1244,178.75,144.36,7.19,177,144,5,33784,27284,1359,62427,1.2382,0.0498,141.53,2.39,#B39007,,
01-IMG_0989,W01,12,broad,174,839.7,922.4,840,922,178.52,144.64,9.24,180,146,10,31063,25168,1607,57838,1.2342,0.0639,141.1,2.16,#B39109,,
01-IMG_0989,W01,13,broad,164,696.6,1033.0,697,1033,177.24,144.24,5.24,177,144,5,29068,23656,860,53584,1.2288,0.0364,140.74,1.58,#B19005,,
01-IMG_0989,W01,14,broad,161,645.6,1125.4,646,1125,177.17,143.91,3.88,177,144,5,28525,23169,625,52319,1.2312,0.027,140.28,0.92,#B19004,,
01-IMG_0989,W01,15,broad,157,750.6,1364.8,751,1365,178.22,144.93,5.92,181,148,7,27980,22754,929,51663,1.2297,0.0408,141.09,1.58,#B29106,,
01-IMG_0989,W01,16,broad,147,908.6,1235.4,909,1235,178.6,143.18,6.61,178,142,6,26254,21048,972,48274,1.2473,0.0462,140.44,1.94,#B38F07,,
01-IMG_0989,W01,17,broad,145,869.8,918.4,870,918,178.44,144.61,8.53,178,144,8,25874,20968,1237,48079,1.234,0.059,141.01,2.41,#B29109,,
01-IMG_0989,W01,18,broad,143,746.3,1001.3,746,1001,178.74,144.71,10.81,181,146,16,25560,20694,1546,47800,1.2351,0.0747,141.25,2.39,#B3910B,,
01-IMG_0989,W01,19,bright core,12685,728.0,1230.7,732,1233,182.66,150.48,5.87,180,148,5,2317042,1908843,74419,4300304,1.2138,0.039,146.79,1.75,#B79606,,
01-IMG_0989,W01,20,bright core,594,934.7,1182.6,936,1183,181.67,147.8,12.49,179,146,7,107910,87795,7417,203122,1.2291,0.0845,144.48,2.15,#B6940C,,
01-IMG_0989,W01,21,bright core,568,932.9,1064.6,931,1066,182.33,148.97,10.8,179,146,5,103564,84616,6136,194316,1.2239,0.0725,145.7,2.32,#B6950B,,
01-IMG_0989,W01,22,bright core,319,861.5,985.0,862,985,182.13,148.92,11.91,180,146,10,58099,47506,3799,109404,1.223,0.08,145.41,2.96,#B6950C,,
01-IMG_0989,W01,23,bright core,298,926.7,1019.9,927,1020,181.08,147.78,9.55,186,152,18,53963,44039,2845,100847,1.2253,0.0646,144.31,1.97,#B5940A,,
01-IMG_0989,W01,24,bright core,244,976.4,1089.8,976,1090,181.31,148.36,9.06,184,151,10,44240,36201,2211,82652,1.2221,0.0611,144.36,1.78,#B59409,,
01-IMG_0989,W01,25,bright core,217,837.1,998.5,837,998,180.44,147.44,8.3,179,146,7,39156,31995,1802,72953,1.2238,0.0563,143.74,1.51,#B49308,,
01-IMG_0989,W01,26,bright core,202,900.9,1205.0,901,1205,183.44,148.86,13.69,185,151,15,37054,30070,2766,69890,1.2323,0.092,146.38,3.05,#B7950E,,
01-IMG_0989,W01,27,bright core,171,925.3,1138.5,925,1138,181.35,147.87,11.2,179,146,7,31010,25286,1916,58212,1.2264,0.0758,144.68,2.78,#B5940B,,
01-IMG_0989,W01,28,bright core,119,871.3,1235.2,871,1235,181.18,147.46,11.23,180,147,8,21560,17548,1336,40444,1.2286,0.0761,144.75,2.95,#B5930B,,
01-IMG_0989,W01,29,bright core,86,897.2,995.6,897,996,181.67,147.91,12.31,180,146,10,15624,12720,1059,29403,1.2283,0.0833,144.13,2.21,#B6940C,,
01-IMG_0989,W01,30,bright core,78,910.7,1189.2,911,1189,182.23,147.5,9.33,185,149,11,14214,11505,728,26447,1.2355,0.0633,144.2,2.54,#B69409,,
01-IMG_0989,W01,31,local peak,2020,915.8,1166.5,916,1167,181.25,147.25,12.07,184,150,14,366130,297439,24382,687951,1.2309,0.082,144.16,3.43,#B5930C,,
01-IMG_0989,W01,32,local peak,766,941.4,1079.0,942,1078,185.8,151.76,16.33,183,150,9,142323,116245,12505,271073,1.2243,0.1076,148.45,3.92,#BA9810,,
01-IMG_0989,W01,33,local peak,579,867.6,1230.9,868,1231,181.28,147.04,13.79,182,148,12,104964,85138,7985,198087,1.2329,0.0938,144.08,4.23,#B5930E,,
01-IMG_0989,W01,34,local peak,567,700.2,1162.6,700,1163,185.6,153.45,10.39,186,154,11,105235,87008,5889,198132,1.2095,0.0677,149.47,2.06,#BA990A,,
01-IMG_0989,W01,35,local peak,555,856.0,979.7,856,980,182.9,149.5,13.12,183,150,9,101512,82974,7282,191768,1.2234,0.0878,146.03,3.52,#B7960D,,
01-IMG_0989,W01,36,local peak,546,778.8,1224.5,780,1223,184.55,152.54,6.15,183,151,4,100763,83286,3360,187409,1.2098,0.0403,148.25,2.3,#B99906,,
01-IMG_0989,W01,37,local peak,438,727.4,1197.5,727,1198,184.55,152.57,7.47,184,152,7,80832,66824,3272,150928,1.2096,0.049,148.56,1.72,#B99907,,
01-IMG_0989,W01,38,local peak,344,758.5,1244.6,758,1245,189.34,157.42,10.99,188,156,9,65132,54154,3782,123068,1.2027,0.0698,153.27,1.99,#BD9D0B,,
01-IMG_0989,W01,39,local peak,304,990.1,1093.9,990,1094,180.9,146.77,6.93,178,145,4,54994,44618,2106,101718,1.2326,0.0472,143.46,1.92,#B59307,,
01-IMG_0989,W01,40,local peak,261,883.9,1304.9,884,1305,183.34,147.47,22.23,184,148,26,47853,38490,5802,92145,1.2433,0.1507,145.14,4.46,#B79316,,
01-IMG_0989,W01,41,local peak,245,801.4,1038.3,801,1038,185.53,153.15,23.22,199,168,51,45456,37522,5689,88667,1.2114,0.1516,149.37,10.25,#BA9917,,
01-IMG_0989,W01,42,local peak,229,928.0,1017.1,928,1017,181.11,147.87,9.32,182,148,12,41474,33862,2134,77470,1.2248,0.063,144.37,2.01,#B59409,,
01-IMG_0989,W01,43,local peak,210,830.1,904.6,830,905,176.78,142.3,10.95,175,141,8,37123,29882,2299,69304,1.2423,0.0769,139.75,1.82,#B18E0B,,
01-IMG_0989,W01,44,local peak,206,901.4,1071.6,901,1072,180.17,146.9,8.19,182,149,10,37115,30261,1688,69064,1.2265,0.0558,143.2,2.97,#B49308,,
01-IMG_0989,W01,45,local peak,192,872.8,917.4,873,917,177.91,144.0,8.11,178,144,8,34158,27648,1558,63364,1.2355,0.0564,140.76,2.52,#B29008,,
01-IMG_0989,W01,46,local peak,190,924.8,1295.1,925,1295,179.45,142.17,12.3,179,142,12,34095,27013,2337,63445,1.2622,0.0865,139.94,3.0,#B38E0C,,
01-IMG_0989,W02,1,broad,35342,1939.9,1179.7,1952,1204,182.84,150.29,7.97,186,154,9,6461957,5311487,281839,12055283,1.2166,0.0531,146.8,1.84,#B79608,,
01-IMG_0989,W02,2,broad,211,1930.1,1181.5,1930,1181,180.9,148.67,7.16,179,148,6,38169,31370,1511,71050,1.2167,0.0482,144.37,2.29,#B59507,,
01-IMG_0989,W02,3,broad,183,2134.3,1059.6,2134,1060,181.45,147.91,10.39,179,146,7,33205,27068,1901,62174,1.2267,0.0702,144.0,2.0,#B5940A,,
01-IMG_0989,W02,4,broad,160,2113.2,1086.5,2113,1087,180.53,147.14,8.16,181,148,7,28885,23542,1306,53733,1.227,0.0555,143.83,2.03,#B59308,,
01-IMG_0989,W02,5,broad,157,1951.2,1050.2,1951,1050,182.06,148.13,10.64,183,149,13,28583,23256,1670,53509,1.2291,0.0718,144.54,2.4,#B6940B,,
01-IMG_0989,W02,6,bright core,6536,1960.7,1118.6,1961,1119,186.04,153.76,10.7,186,154,11,1215965,1004978,69944,2290887,1.2099,0.0696,150.08,1.96,#BA9A0B,,
01-IMG_0989,W02,7,bright core,4598,1994.5,1234.1,1994,1234,186.62,154.58,9.97,186,154,9,858098,710767,45859,1614724,1.2073,0.0645,150.79,2.07,#BB9B0A,,
01-IMG_0989,W02,8,bright core,3783,1890.9,1237.6,1889,1235,185.22,152.74,10.32,184,152,9,700699,577807,39052,1317558,1.2127,0.0676,149.12,2.19,#B9990A,,
01-IMG_0989,W02,9,bright core,126,1863.3,1134.2,1863,1134,185.82,153.14,12.02,186,153,12,23413,19296,1515,44224,1.2134,0.0785,148.65,2.53,#BA990C,,
01-IMG_0989,W02,10,bright core,85,1883.0,1318.3,1883,1318,185.89,152.4,14.78,187,153,17,15801,12954,1256,30011,1.2198,0.097,148.23,2.33,#BA980F,,
01-IMG_0989,W02,11,bright core,82,1920.0,1111.9,1920,1112,185.79,153.4,10.96,192,160,17,15235,12579,899,28713,1.2111,0.0715,148.87,1.74,#BA990B,,
01-IMG_0989,W02,12,bright core,56,1892.1,1079.9,1892,1080,186.75,153.75,13.91,186,154,11,10458,8610,779,19847,1.2146,0.0905,148.33,2.58,#BB9A0E,,
01-IMG_0989,W02,13,local peak,847,2038.0,1229.7,2038,1230,185.26,152.71,10.09,185,153,10,156917,129347,8544,294808,1.2131,0.0661,148.88,2.83,#B9990A,,
01-IMG_0989,W02,14,local peak,820,1997.8,1205.7,1998,1206,190.66,158.51,14.15,192,159,18,156338,129980,11599,297917,1.2028,0.0892,154.52,2.55,#BF9F0E,,
01-IMG_0989,W02,15,local peak,717,1924.9,1146.4,1925,1146,189.06,156.35,15.55,188,156,11,135555,112106,11149,258810,1.2092,0.0995,152.78,2.98,#BD9C10,,
01-IMG_0989,W02,16,local peak,516,2182.2,1271.0,2182,1271,179.97,145.05,15.16,183,148,18,92864,74848,7824,175536,1.2407,0.1045,142.52,3.03,#B4910F,,
01-IMG_0989,W02,17,local peak,466,2091.6,1277.3,2092,1277,179.32,145.32,12.88,175,142,3,83562,67717,6001,157280,1.234,0.0886,142.39,2.99,#B3910D,,
01-IMG_0989,W02,18,local peak,436,1927.1,1220.4,1927,1220,191.32,159.06,16.96,195,162,21,83416,69350,7395,160161,1.2028,0.1066,154.57,3.29,#BF9F11,,
01-IMG_0989,W02,19,local peak,328,1996.1,1280.7,1996,1281,186.35,154.48,9.95,187,155,12,61122,50671,3262,115055,1.2063,0.0644,150.22,2.3,#BA9A0A,,
01-IMG_0989,W02,20,local peak,281,2040.0,1319.6,2040,1320,184.17,149.75,22.59,186,150,30,51751,42079,6349,100179,1.2299,0.1509,146.75,4.47,#B89617,,
01-IMG_0989,W02,21,local peak,267,1832.7,1248.7,1833,1249,185.12,151.47,16.16,185,151,17,49428,40442,4314,94184,1.2222,0.1067,148.37,2.79,#B99710,,
01-IMG_0989,W02,22,local peak,247,1948.1,1201.1,1948,1201,189.49,156.87,15.41,191,159,16,46804,38747,3807,89358,1.2079,0.0983,152.84,3.74,#BD9D0F,,
01-IMG_0989,W02,23,local peak,216,1999.1,1135.8,1999,1136,187.97,155.86,13.0,184,153,11,40602,33666,2808,77076,1.206,0.0834,151.97,2.06,#BC9C0D,,
01-IMG_0989,W02,24,local peak,191,1967.5,1135.0,1967,1135,190.14,157.86,15.93,187,157,11,36317,30151,3043,69511,1.2045,0.1009,153.59,2.64,#BE9E10,,
01-IMG_0989,W02,25,local peak,188,2197.0,1243.0,2197,1243,179.47,144.95,17.68,181,145,22,33741,27251,3323,64315,1.2382,0.1219,142.39,3.33,#B39112,,
01-IMG_0989,W02,26,local peak,186,1997.8,1370.3,1997,1370,181.16,145.83,25.58,181,145,22,33696,27124,4757,65577,1.2423,0.1754,143.09,4.21,#B5921A,,
01-IMG_0989,W02,27,local peak,175,2065.4,1306.3,2065,1306,184.67,150.19,24.99,191,157,34,32317,26284,4373,62974,1.2295,0.1664,147.02,5.75,#B99619,,
01-IMG_0989,W02,28,local peak,169,1949.4,1361.7,1949,1362,179.54,144.98,21.24,179,144,26,30342,24502,3590,58434,1.2383,0.1465,142.32,3.68,#B49115,,
01-IMG_0989,W03,1,broad,27135,762.9,2078.0,763,2078,165.2,134.95,4.51,168,138,6,4482651,3661848,122406,8266905,1.2241,0.0334,131.93,1.6,#A58705,,
01-IMG_0989,W03,2,broad,4176,896.5,2230.4,896,2230,161.54,132.15,7.05,164,135,9,674582,551874,29446,1255902,1.2223,0.0534,129.22,1.78,#A28407,,
01-IMG_0989,W03,3,broad,1846,938.5,2151.8,938,2152,162.13,132.02,7.5,166,138,13,299292,243717,13840,556849,1.228,0.0568,129.09,2.12,#A28407,,
01-IMG_0989,W03,4,broad,1275,582.8,2127.8,583,2128,163.51,132.36,6.26,162,132,12,208469,168755,7980,385204,1.2353,0.0473,129.51,2.26,#A48406,,
01-IMG_0989,W03,5,broad,1111,730.4,2219.5,730,2219,161.03,131.3,5.61,160,131,3,178906,145871,6231,331008,1.2265,0.0427,128.13,1.74,#A18306,,
01-IMG_0989,W03,6,broad,762,993.2,2228.7,993,2229,161.79,131.86,6.74,161,132,4,123286,100479,5137,228902,1.227,0.0511,129.05,1.81,#A28407,,
01-IMG_0989,W03,7,broad,442,931.7,2106.2,932,2106,160.94,131.1,5.66,163,134,8,71136,57945,2503,131584,1.2276,0.0432,127.77,1.43,#A18306,,
01-IMG_0989,W03,8,broad,413,542.1,2171.6,542,2172,162.09,131.0,5.78,165,134,9,66944,54101,2388,123433,1.2374,0.0441,128.18,2.05,#A28306,,
01-IMG_0989,W03,9,broad,236,743.5,2189.7,744,2190,161.31,130.31,5.31,159,128,3,38069,30753,1253,70075,1.2379,0.0407,127.25,1.09,#A18205,,
01-IMG_0989,W03,10,broad,171,959.3,2217.2,959,2217,161.69,131.96,6.29,164,135,9,27649,22565,1075,51289,1.2253,0.0476,128.85,2.23,#A28406,,
01-IMG_0989,W03,11,broad,145,710.1,2175.7,710,2176,161.99,131.21,5.67,159,128,1,23489,19025,822,43336,1.2346,0.0432,127.64,1.35,#A28306,,
01-IMG_0989,W03,12,bright core,14547,768.0,2071.7,768,2072,167.49,137.47,5.42,168,138,4,2436450,1999828,78867,4515145,1.2183,0.0394,134.17,1.63,#A78905,,
01-IMG_0989,W03,13,bright core,424,929.5,2246.4,929,2246,165.34,135.82,11.32,164,135,9,70103,57586,4798,132487,1.2174,0.0833,132.54,2.14,#A5880B,,
01-IMG_0989,W03,14,bright core,418,622.6,2084.7,623,2085,167.74,136.92,6.86,168,138,6,70115,57231,2869,130215,1.2251,0.0501,133.66,2.41,#A88907,,
01-IMG_0989,W03,15,bright core,205,633.4,2057.2,633,2057,168.29,137.41,7.17,170,140,8,34500,28170,1469,64139,1.2247,0.0521,133.94,2.6,#A88907,,
01-IMG_0989,W03,16,bright core,198,599.8,2111.7,600,2112,167.4,136.76,7.48,167,137,7,33145,27078,1481,61704,1.2241,0.0547,133.66,2.56,#A78907,,
01-IMG_0989,W03,17,bright core,121,993.7,2208.1,994,2208,166.01,136.43,11.22,167,137,13,20087,16508,1358,37953,1.2168,0.0823,133.24,2.34,#A6880B,,
01-IMG_0989,W03,18,bright core,76,942.1,2149.8,942,2150,165.58,136.47,10.95,165,137,12,12584,10372,832,23788,1.2133,0.0802,132.7,2.18,#A6880B,,
01-IMG_0989,W03,19,bright core,68,916.7,2166.5,917,2166,165.79,136.03,12.06,167,137,13,11274,9250,820,21344,1.2188,0.0886,132.39,2.41,#A6880C,,
01-IMG_0989,W03,20,bright core,66,607.8,2130.3,608,2130,169.02,138.2,11.08,171,140,13,11155,9121,731,21007,1.223,0.0801,133.33,2.4,#A98A0B,,
01-IMG_0989,W03,21,local peak,862,778.1,2132.3,778,2132,170.74,141.0,8.88,169,139,7,147174,121542,7657,276373,1.2109,0.063,136.96,2.4,#AB8D09,,
01-IMG_0989,W03,22,local peak,843,934.2,2246.4,934,2246,165.04,135.39,11.49,163,134,8,139128,114137,9683,262948,1.219,0.0848,132.09,2.74,#A5870B,,
01-IMG_0989,W03,23,local peak,795,728.8,2228.2,729,2228,161.95,132.09,7.02,164,135,9,128749,105010,5579,239338,1.2261,0.0531,128.63,2.13,#A28407,,
01-IMG_0989,W03,24,local peak,623,537.0,2175.2,537,2175,161.6,130.36,5.1,163,132,5,100675,81217,3179,185071,1.2396,0.0391,127.67,2.17,#A28205,,
01-IMG_0989,W03,25,local peak,611,603.1,2087.2,603,2087,171.29,139.79,12.02,167,134,1,104657,85412,7347,197416,1.2253,0.086,136.68,5.54,#AB8C0C,,
01-IMG_0989,W03,26,local peak,564,862.2,2198.7,861,2198,162.52,133.11,8.2,162,133,7,91661,75074,4625,171360,1.2209,0.0616,129.8,2.07,#A38508,,
01-IMG_0989,W03,27,local peak,471,879.3,2115.6,879,2116,163.94,134.17,8.14,165,136,8,77214,63196,3836,144246,1.2218,0.0607,130.9,1.99,#A48608,,
01-IMG_0989,W03,28,local peak,383,537.1,2342.3,537,2342,164.13,133.09,9.41,170,138,17,62863,50975,3603,117441,1.2332,0.0707,130.17,3.99,#A48509,,
01-IMG_0989,W03,29,local peak,383,943.2,2380.7,943,2381,161.27,130.82,12.58,165,135,15,61767,50103,4819,116689,1.2328,0.0962,127.94,4.1,#A1830D,,
01-IMG_0989,W03,30,local peak,366,520.2,2238.8,520,2239,160.98,129.55,5.41,159,128,3,58917,47415,1980,108312,1.2426,0.0418,126.68,1.65,#A18205,,
01-IMG_0989,W03,31,local peak,360,983.1,2210.0,983,2210,167.77,137.26,14.15,174,143,18,60397,49414,5095,114906,1.2223,0.1031,134.32,3.45,#A8890E,,
01-IMG_0989,W03,32,local peak,352,873.6,2046.4,877,2044,166.85,136.67,8.28,165,135,5,58731,48107,2916,109754,1.2208,0.0606,133.19,1.96,#A78908,,
01-IMG_0989,W03,33,local peak,332,822.5,2215.8,823,2216,177.85,146.63,25.07,220,183,68,59047,48681,8324,116052,1.2129,0.171,143.63,15.31,#B29319,,
01-IMG_0989,W03,34,local peak,332,881.1,2453.3,881,2453,159.04,129.04,7.98,162,132,10,52801,42841,2649,98291,1.2325,0.0618,126.04,2.6,#9F8108,,
01-IMG_0989,W03,35,local peak,309,561.3,2135.6,561,2136,163.54,132.69,7.98,161,131,7,50534,41002,2467,94003,1.2325,0.0602,129.55,2.27,#A48508,,
01-IMG_0989,W03,36,local peak,306,814.1,2029.3,814,2029,169.64,139.66,7.63,169,139,7,51909,42735,2334,96978,1.2147,0.0546,135.67,2.05,#AA8C08,,
01-IMG_0989,W04,1,broad,34585,2061.0,2122.0,2061,2122,175.01,145.21,4.37,176,145,3,6052596,5022146,151226,11225968,1.2052,0.0301,141.3,1.51,#AF9104,,
01-IMG_0989,W04,2,broad,2226,1880.4,2212.9,1880,2213,172.97,144.16,4.95,173,144,4,385042,320895,11021,716958,1.1999,0.0343,139.95,1.86,#AD9005,,
01-IMG_0989,W04,3,broad,397,2211.0,2180.7,2211,2181,174.4,145.4,7.96,175,146,6,69237,57724,3162,130123,1.1994,0.0548,141.51,2.04,#AE9108,,
01-IMG_0989,W04,4,broad,395,2122.9,2292.6,2123,2293,173.56,145.08,6.38,168,139,1,68556,57305,2521,128382,1.1963,0.044,140.92,2.03,#AE9106,,
01-IMG_0989,W04,5,broad,135,1886.5,2280.4,1886,2280,171.8,142.98,5.05,171,142,4,23193,19302,682,43177,1.2016,0.0353,138.41,1.46,#AC8F05,,
01-IMG_0989,W04,6,bright core,12081,2065.6,2088.3,2066,2088,178.25,147.87,5.4,178,147,4,2153410,1786453,65276,4005139,1.2054,0.0365,143.87,1.57,#B29405,,
01-IMG_0989,W04,7,bright core,1437,1920.3,2136.8,1920,2137,177.18,148.64,7.03,178,149,9,254612,213594,10105,478311,1.192,0.0473,144.26,1.98,#B19507,,
01-IMG_0989,W04,8,bright core,504,2199.5,2076.9,2200,2077,178.04,146.9,7.13,178,147,7,89731,74039,3595,167365,1.2119,0.0486,143.18,1.65,#B29307,,
01-IMG_0989,W04,9,bright core,356,1891.0,2213.6,1891,2213,176.14,147.42,8.58,174,145,5,62707,52480,3056,118243,1.1949,0.0582,142.64,1.99,#B09309,,
01-IMG_0989,W04,10,bright core,214,2210.8,2132.4,2211,2132,175.64,147.05,9.02,176,147,9,37586,31468,1930,70984,1.1944,0.0613,142.6,1.74,#B09309,,
01-IMG_0989,W04,11,bright core,178,2206.6,2174.3,2207,2174,176.9,147.88,10.49,177,148,12,31488,26322,1868,59678,1.1963,0.071,143.56,2.11,#B1940A,,
01-IMG_0989,W04,12,bright core,137,1942.1,2160.6,1942,2161,175.71,146.68,8.66,175,146,8,24072,20095,1187,45354,1.1979,0.0591,142.28,1.61,#B09309,,
01-IMG_0989,W04,13,bright core,126,1887.0,2188.6,1887,2189,176.67,147.74,8.1,173,144,6,22261,18615,1021,41897,1.1959,0.0548,142.83,2.49,#B19408,,
01-IMG_0989,W04,14,bright core,123,1914.5,2101.2,1914,2101,176.5,148.2,5.98,174,145,5,21709,18229,736,40674,1.1909,0.0404,143.17,2.28,#B09406,,
01-IMG_0989,W04,15,bright core,114,1951.7,2118.6,1952,2119,176.3,147.39,7.21,175,146,6,20098,16803,822,37723,1.1961,0.0489,142.66,1.4,#B09307,,
01-IMG_0989,W04,16,bright core,84,2125.7,2283.9,2126,2284,175.74,147.5,8.38,177,148,8,14762,12390,704,27856,1.1914,0.0568,142.25,2.18,#B09408,,
01-IMG_0989,W04,17,bright core,83,2115.2,2030.7,2115,2031,179.06,149.72,6.29,181,153,9,14862,12427,522,27811,1.1959,0.042,143.77,2.12,#B39606,,
01-IMG_0989,W04,18,local peak,1550,2219.5,2185.7,2219,2185,174.43,145.02,9.31,173,144,8,270373,224782,14428,509583,1.2028,0.0642,140.98,2.88,#AE9109,,
01-IMG_0989,W04,19,local peak,942,1891.9,2138.8,1891,2140,180.25,151.89,10.28,176,147,7,169796,143080,9686,322562,1.1867,0.0677,147.02,3.14,#B4980A,,
01-IMG_0989,W04,20,local peak,825,2130.9,2284.7,2131,2285,173.56,145.68,7.52,175,148,7,143187,120182,6204,269573,1.1914,0.0516,141.01,2.92,#AE9208,,
01-IMG_0989,W04,21,local peak,779,2105.1,2154.1,2105,2154,179.99,151.27,8.82,180,152,9,140213,117840,6869,264922,1.1899,0.0583,146.65,1.82,#B49709,,
01-IMG_0989,W04,22,local peak,745,2201.0,2066.8,2201,2067,176.4,145.08,5.63,178,147,7,131420,108083,4192,243695,1.2159,0.0388,141.45,2.0,#B09106,,
01-IMG_0989,W04,23,local peak,626,2054.7,2033.6,2055,2035,181.0,150.16,6.71,180,149,6,113304,93998,4199,211501,1.2054,0.0447,145.92,2.42,#B59607,,
01-IMG_0989,W04,24,local peak,335,2047.9,2328.7,2049,2328,171.69,142.64,6.32,167,138,2,57517,47784,2116,107417,1.2037,0.0443,138.52,1.89,#AC8F06,,
01-IMG_0989,W04,25,local peak,312,2215.5,2134.5,2215,2135,175.63,147.28,9.15,178,149,11,54798,45952,2856,103606,1.1925,0.0622,142.6,2.53,#B09309,,
01-IMG_0989,W04,26,local peak,228,2126.2,2047.0,2126,2047,179.25,149.58,7.75,178,147,5,40870,34105,1767,76742,1.1984,0.0518,144.95,2.18,#B39608,,
01-IMG_0989,W04,27,local peak,201,1990.4,2046.8,1990,2047,180.82,149.69,8.25,182,151,8,36344,30087,1659,68090,1.208,0.0551,145.23,2.42,#B59608,,
01-IMG_0989,W04,28,local peak,191,2103.1,2300.1,2103,2300,176.28,147.0,10.58,176,147,11,33669,28077,2020,63766,1.1992,0.0719,142.35,2.97,#B0930B,,
01-IMG_0989,W04,29,local peak,173,2133.3,2217.1,2133,2217,173.32,144.32,5.55,173,144,6,29985,24968,960,55913,1.2009,0.0384,140.16,1.67,#AD9006,,
01-IMG_0989,W04,30,local peak,171,1904.0,2184.8,1904,2185,179.18,150.3,11.05,182,153,15,30640,25702,1889,58231,1.1921,0.0735,145.09,2.86,#B3960B,,
01-IMG_0989,W04,31,local peak,154,1855.2,2208.7,1855,2209,173.86,144.97,4.96,174,145,5,26775,22326,764,49865,1.1993,0.0342,140.46,1.65,#AE9105,,
01-IMG_0989,W04,32,local peak,146,1847.6,2249.3,1848,2249,172.03,144.12,7.91,170,142,6,25117,21041,1155,47313,1.1937,0.0549,139.48,3.29,#AC9008,,
01-IMG_0989,W04,33,local peak,113,1884.7,2220.9,1885,2221,176.16,147.65,9.89,175,146,8,19906,16685,1118,37709,1.193,0.067,142.98,2.12,#B0940A,,
02-IMG_0988,W01,1,broad,28661,725.8,1259.5,722,1261,197.12,158.28,38.3,194,155,34,5649737,4536397,1097663,11283797,1.2454,0.242,157.69,1.84,#C59E26,,
02-IMG_0988,W01,2,broad,1408,952.5,1079.1,953,1079,196.55,157.38,38.27,196,157,36,276741,221592,53889,552222,1.2489,0.2432,156.7,1.98,#C59D26,,
02-IMG_0988,W01,3,broad,905,922.1,1036.4,924,1038,195.6,156.59,38.19,192,156,36,177016,141714,34563,353293,1.2491,0.2439,155.89,1.62,#C49D26,,
02-IMG_0988,W01,4,broad,864,924.3,1195.8,924,1196,197.54,157.21,39.11,196,156,35,170674,135828,33787,340289,1.2565,0.2487,156.77,2.29,#C69D27,,
02-IMG_0988,W01,5,broad,600,651.9,1078.1,652,1078,196.53,156.93,38.62,202,163,44,117917,94159,23174,235250,1.2523,0.2461,156.37,2.17,#C59D27,,
02-IMG_0988,W01,6,broad,563,933.3,1136.9,933,1137,196.99,156.06,39.64,197,156,40,110905,87860,22315,221080,1.2623,0.254,156.06,1.98,#C59C28,,
02-IMG_0988,W01,7,broad,336,878.0,1241.3,878,1241,198.7,157.71,41.12,200,159,43,66763,52990,13817,133570,1.2599,0.2607,157.95,2.27,#C79E29,,
02-IMG_0988,W01,8,broad,308,750.8,1145.8,751,1146,196.83,156.99,39.03,197,158,39,60624,48352,12022,120998,1.2538,0.2486,156.2,2.1,#C59D27,,
02-IMG_0988,W01,9,broad,244,890.2,1269.6,890,1270,197.95,156.95,41.78,198,157,43,48300,38296,10194,96790,1.2612,0.2662,156.3,2.45,#C69D2A,,
02-IMG_0988,W01,10,broad,204,810.3,1375.3,810,1375,195.36,157.36,48.48,196,158,49,39853,32101,9889,81843,1.2415,0.3081,157.21,2.44,#C39D30,,
02-IMG_0988,W01,11,broad,184,654.1,1187.0,654,1187,195.82,156.82,37.18,194,155,34,36030,28855,6841,71726,1.2487,0.2371,155.67,1.64,#C49D25,,
02-IMG_0988,W01,12,broad,147,737.8,1027.6,738,1028,197.01,156.01,40.01,197,156,40,28960,22933,5881,57774,1.2628,0.2564,155.75,2.28,#C59C28,,
02-IMG_0988,W01,13,broad,134,665.7,1119.1,666,1119,195.26,156.26,38.01,194,155,38,26165,20939,5093,52197,1.2496,0.2432,155.3,1.5,#C39C26,,
02-IMG_0988,W01,14,bright core,11403,737.4,1258.2,737,1258,199.34,160.92,38.67,200,162,39,2273029,1834937,440897,4548863,1.2388,0.2403,159.96,1.9,#C7A127,,
02-IMG_0988,W01,15,bright core,566,657.1,1244.0,659,1244,198.36,159.54,38.78,197,158,39,112271,90298,21950,224519,1.2433,0.2431,158.62,1.68,#C6A027,,
02-IMG_0988,W01,16,bright core,287,661.2,1299.7,662,1300,199.05,160.16,40.63,198,159,40,57128,45965,11660,114753,1.2429,0.2537,158.97,2.37,#C7A029,,
02-IMG_0988,W01,17,bright core,258,878.6,1241.9,879,1242,200.37,159.38,42.58,197,156,40,51695,41120,10985,103800,1.2572,0.2671,158.87,2.33,#C89F2B,,
02-IMG_0988,W01,18,bright core,220,634.0,1305.0,634,1305,198.5,159.42,41.24,198,159,40,43670,35072,9073,87815,1.2452,0.2587,158.36,1.98,#C69F29,,
02-IMG_0988,W01,19,bright core,214,765.1,1370.7,765,1371,199.67,160.07,44.65,200,160,46,42730,34254,9555,86539,1.2474,0.2789,159.1,2.4,#C8A02D,,
02-IMG_0988,W01,20,bright core,213,914.1,1213.2,914,1213,200.23,160.63,40.69,208,169,50,42649,34215,8668,85532,1.2465,0.2533,159.72,2.61,#C8A129,,
02-IMG_0988,W01,21,bright core,164,958.8,1100.3,959,1100,200.24,161.49,40.51,204,166,43,32840,26485,6643,65968,1.2399,0.2508,159.92,2.57,#C8A129,,
02-IMG_0988,W01,22,bright core,164,880.5,1327.9,881,1328,199.57,159.77,45.41,199,159,45,32729,26203,7447,66379,1.2491,0.2842,158.98,2.3,#C8A02D,,
02-IMG_0988,W01,23,bright core,134,656.2,1078.1,656,1078,198.99,159.28,41.16,198,157,39,26664,21344,5515,53523,1.2493,0.2584,158.53,2.41,#C79F29,,
02-IMG_0988,W01,24,bright core,127,820.8,1313.0,821,1313,198.39,159.11,42.45,198,159,42,25195,20207,5391,50793,1.2468,0.2668,158.3,1.7,#C69F2A,,
02-IMG_0988,W01,25,bright core,112,709.5,1252.0,709,1252,200.11,161.85,39.37,197,159,36,22412,18127,4409,44948,1.2364,0.2432,160.4,2.61,#C8A227,,
02-IMG_0988,W01,26,local peak,794,926.4,1156.3,926,1156,197.88,156.98,40.14,196,155,39,157118,124644,31875,313637,1.2605,0.2557,156.68,2.76,#C69D28,,
02-IMG_0988,W01,27,local peak,692,874.7,1240.6,875,1241,199.06,158.07,41.91,199,158,42,137749,109381,29003,276133,1.2594,0.2652,157.72,3.08,#C79E2A,,
02-IMG_0988,W01,28,local peak,490,774.2,1238.7,774,1239,203.96,165.91,42.09,202,164,39,99938,81298,20622,201858,1.2293,0.2537,164.32,2.38,#CCA62A,,
02-IMG_0988,W01,29,local peak,383,910.8,1209.8,911,1210,199.16,159.1,40.13,200,160,39,76280,60937,15370,152587,1.2518,0.2522,158.3,2.98,#C79F28,,
02-IMG_0988,W01,30,local peak,304,941.6,1099.1,942,1099,201.6,163.23,40.94,204,166,43,61286,49622,12446,123354,1.2351,0.2508,161.87,4.15,#CAA329,,
02-IMG_0988,W01,31,local peak,299,810.6,1370.9,811,1371,196.64,158.64,49.59,200,162,53,58796,47434,14827,121057,1.2395,0.3126,158.15,2.71,#C59F32,,
02-IMG_0988,W01,32,local peak,260,899.3,952.4,899,952,196.74,156.74,43.42,198,158,44,51153,40753,11288,103194,1.2552,0.277,155.53,3.4,#C59D2B,,
02-IMG_0988,W01,33,local peak,228,809.6,1049.2,810,1049,204.13,165.25,45.97,220,182,59,46542,37677,10482,94701,1.2353,0.2782,163.6,8.33,#CCA52E,,
02-IMG_0988,W01,34,local peak,222,890.6,1209.5,891,1209,198.9,157.78,42.18,195,154,40,44156,35027,9365,88548,1.2606,0.2674,156.68,4.0,#C79E2A,,
02-IMG_0988,W01,35,local peak,186,1001.0,1090.9,1001,1091,196.27,155.56,44.78,197,157,46,36506,28935,8329,73770,1.2617,0.2879,155.24,2.34,#C49C2D,,
02-IMG_0988,W01,36,local peak,163,573.7,1280.5,574,1281,196.22,155.66,41.8,197,156,42,31984,25372,6813,64169,1.2606,0.2685,155.1,3.24,#C49C2A,,
02-IMG_0988,W01,37,local peak,153,874.9,1060.8,875,1061,197.35,157.78,42.54,198,159,42,30195,24141,6508,60844,1.2508,0.2696,156.57,3.51,#C59E2B,,
02-IMG_0988,W01,38,local peak,148,793.0,1099.4,793,1099,196.12,155.35,40.66,194,153,39,29026,22992,6018,58036,1.2624,0.2617,154.74,2.67,#C49B29,,
02-IMG_0988,W01,39,local peak,147,689.5,1242.0,690,1242,204.76,166.01,44.5,200,161,40,30099,24403,6542,61044,1.2334,0.2681,163.53,3.72,#CDA62D,,
02-IMG_0988,W01,40,local peak,133,804.2,1228.1,804,1228,197.27,158.18,40.61,197,158,41,26237,21038,5401,52676,1.2471,0.2567,156.87,3.15,#C59E29,,
02-IMG_0988,W01,41,local peak,129,699.1,991.3,699,991,198.12,157.12,40.28,200,159,41,25557,20268,5196,51021,1.261,0.2564,156.59,2.56,#C69D28,,
02-IMG_0988,W02,1,broad,16872,1951.4,1260.3,1951,1260,200.24,161.81,41.92,198,159,38,3378513,2730105,707215,6815833,1.2375,0.259,161.1,2.26,#C8A22A,,
02-IMG_0988,W02,2,broad,16559,1937.9,1129.6,1938,1130,199.56,160.83,41.42,200,161,42,3304454,2663222,685813,6653489,1.2408,0.2575,160.25,1.93,#C8A129,,
02-IMG_0988,W02,3,broad,853,2051.3,1069.4,2051,1069,199.12,160.51,39.13,195,157,34,169849,136912,33379,340140,1.2406,0.2438,159.25,2.29,#C7A127,,
02-IMG_0988,W02,4,broad,246,2080.6,1050.6,2081,1051,199.78,160.7,41.71,204,165,46,49146,39533,10260,98939,1.2432,0.2595,158.96,2.45,#C8A12A,,
02-IMG_0988,W02,5,broad,189,2081.4,1104.2,2082,1105,198.19,159.19,39.95,197,158,41,37457,30086,7551,75094,1.245,0.251,158.26,2.22,#C69F28,,
02-IMG_0988,W02,6,broad,149,2110.3,1081.7,2110,1082,200.12,161.12,41.8,198,159,40,29818,24007,6228,60053,1.2421,0.2594,159.25,2.55,#C8A12A,,
02-IMG_0988,W02,7,broad,141,2119.7,1106.1,2120,1106,199.57,160.62,40.41,200,161,40,28140,22647,5698,56485,1.2425,0.2516,159.2,2.44,#C8A128,,
02-IMG_0988,W02,8,broad,138,1940.4,1297.1,1940,1297,200.33,160.43,46.8,204,164,50,27645,22140,6458,56243,1.2486,0.2917,159.67,2.76,#C8A02F,,
02-IMG_0988,W02,9,broad,127,1915.2,1043.1,1915,1043,200.38,160.87,45.39,200,160,46,25448,20431,5764,51643,1.2456,0.2821,159.25,2.59,#C8A12D,,
02-IMG_0988,W02,10,bright core,8273,1956.8,1241.6,1954,1240,202.46,164.47,41.97,207,169,44,1674936,1360647,347215,3382798,1.231,0.2552,163.31,2.32,#CAA42A,,
02-IMG_0988,W02,11,bright core,2614,1975.3,1128.3,1975,1128,202.41,163.77,42.33,207,168,47,529094,428106,110657,1067857,1.2359,0.2585,162.73,2.09,#CAA42A,,
02-IMG_0988,W02,12,bright core,829,1874.0,1170.3,1874,1170,202.21,163.34,44.29,199,160,41,167636,135412,36713,339761,1.238,0.2711,162.39,2.14,#CAA32C,,
02-IMG_0988,W02,13,bright core,584,1938.4,1162.4,1938,1162,203.45,164.48,44.27,204,165,44,118817,96059,25855,240731,1.2369,0.2692,163.47,2.59,#CBA42C,,
02-IMG_0988,W02,14,bright core,481,1909.4,1156.6,1909,1157,202.23,163.2,44.03,203,164,43,97271,78500,21177,196948,1.2391,0.2698,162.38,1.89,#CAA32C,,
02-IMG_0988,W02,15,bright core,337,2014.7,1109.1,2015,1109,202.04,163.55,41.34,199,161,38,68086,55118,13931,137135,1.2353,0.2527,162.05,2.14,#CAA429,,
02-IMG_0988,W02,16,bright core,315,1994.8,1298.8,1999,1299,202.99,164.11,44.11,202,163,42,63943,51695,13894,129532,1.2369,0.2688,162.37,2.63,#CBA42C,,
02-IMG_0988,W02,17,bright core,255,2027.2,1154.4,2027,1154,202.18,163.89,41.15,197,159,34,51556,41791,10494,103841,1.2337,0.2511,162.21,2.45,#CAA429,,
02-IMG_0988,W02,18,bright core,171,1886.6,1133.1,1887,1133,202.42,163.29,46.5,204,165,48,34614,27923,7952,70489,1.2396,0.2848,162.05,2.33,#CAA32F,,
02-IMG_0988,W02,19,bright core,144,1888.3,1111.4,1888,1111,201.61,162.51,45.14,203,164,45,29032,23402,6500,58934,1.2406,0.2778,161.76,1.8,#CAA32D,,
02-IMG_0988,W02,20,bright core,135,1909.4,1102.8,1909,1103,202.32,163.15,46.02,203,164,47,27313,22025,6213,55551,1.2401,0.2821,162.25,2.43,#CAA32E,,
02-IMG_0988,W02,21,bright core,129,1850.9,1288.4,1851,1288,202.53,162.39,50.54,204,164,51,26127,20948,6520,53595,1.2472,0.3112,162.03,2.75,#CBA233,,
02-IMG_0988,W02,22,local peak,418,2005.0,1389.1,2005,1389,199.89,160.24,49.02,197,157,44,83552,66979,20492,171023,1.2474,0.3059,159.11,3.97,#C8A031,,
02-IMG_0988,W02,23,local peak,377,2054.6,1239.2,2055,1239,202.28,163.21,44.28,204,165,46,76258,61529,16694,154481,1.2394,0.2713,162.21,3.88,#CAA32C,,
02-IMG_0988,W02,24,local peak,211,1894.6,1223.7,1895,1224,206.86,168.26,46.47,207,168,47,43648,35502,9805,88955,1.2295,0.2762,166.94,3.33,#CFA82E,,
02-IMG_0988,W02,25,local peak,204,2178.5,1277.8,2178,1278,198.3,158.3,45.69,198,158,45,40454,32294,9321,82069,1.2527,0.2886,157.74,3.25,#C69E2E,,
02-IMG_0988,W02,26,local peak,179,1859.6,1058.2,1860,1058,198.4,157.82,45.51,193,153,40,35513,28249,8146,71908,1.2571,0.2884,157.38,2.73,#C69E2E,,
02-IMG_0988,W02,27,local peak,168,2080.1,1258.6,2080,1259,197.01,156.55,46.63,195,154,46,33098,26301,7834,67233,1.2584,0.2979,156.28,3.2,#C59D2F,,
02-IMG_0988,W02,28,local peak,162,1946.8,1161.6,1947,1162,205.6,166.6,45.65,208,169,48,33307,26989,7395,67691,1.2341,0.274,165.54,2.69,#CEA72E,,
02-IMG_0988,W02,29,local peak,162,1849.7,1289.0,1850,1289,202.48,162.12,51.32,203,163,50,32801,26264,8314,67379,1.2489,0.3166,161.76,2.68,#CAA233,,
02-IMG_0988,W02,30,local peak,156,2004.9,1159.8,2005,1160,206.1,168.02,44.24,210,172,47,32151,26211,6901,65263,1.2266,0.2633,165.48,3.16,#CEA82C,,
02-IMG_0988,W02,31,local peak,146,1844.7,1077.8,1845,1078,200.61,162.63,49.27,206,169,55,29289,23744,7194,60227,1.2335,0.303,160.31,3.68,#C9A331,,
02-IMG_0988,W02,32,local peak,146,2069.7,1322.9,2070,1323,202.19,162.33,48.82,204,165,48,29520,23700,7128,60348,1.2456,0.3008,160.51,3.94,#CAA231,,
02-IMG_0988,W02,33,local peak,135,2026.8,1247.5,2027,1247,206.35,168.24,44.72,208,170,47,27857,22712,6037,56606,1.2265,0.2658,166.66,2.3,#CEA82D,,
02-IMG_0988,W02,34,local peak,123,2102.3,1281.2,2102,1281,197.57,156.96,48.26,194,153,45,24301,19306,5936,49543,1.2587,0.3075,156.39,2.98,#C69D30,,
02-IMG_0988,W02,35,local peak,111,1953.4,1386.7,1954,1386,199.21,158.21,50.69,197,156,48,22112,17561,5627,45300,1.2592,0.3204,157.69,2.45,#C79E33,,
02-IMG_0988,W02,36,local peak,109,1971.2,1325.5,1971,1325,203.85,164.47,48.37,201,161,47,22220,17927,5272,45419,1.2395,0.2941,162.54,3.45,#CCA430,,
02-IMG_0988,W02,37,local peak,107,2001.7,1270.8,2002,1271,205.41,168.26,44.76,205,167,44,21979,18004,4789,44772,1.2208,0.266,166.12,3.01,#CDA82D,,
02-IMG_0988,W03,1,broad,32319,768.3,2102.7,768,2103,183.56,146.87,35.51,184,147,32,5932530,4746566,1147742,11826838,1.2499,0.2418,146.53,1.72,#B89324,,
02-IMG_0988,W03,2,broad,1769,882.7,2231.5,883,2231,180.47,145.32,35.97,180,144,34,319244,257071,63637,639952,1.2419,0.2475,144.53,1.95,#B49124,,
02-IMG_0988,W03,3,broad,1237,991.6,2227.7,992,2228,181.54,145.9,35.53,178,142,32,224560,180476,43946,448982,1.2443,0.2435,145.3,2.08,#B69224,,
02-IMG_0988,W03,4,broad,1180,940.3,2238.7,940,2239,180.02,145.98,38.08,178,144,36,212418,172261,44940,429619,1.2331,0.2609,144.91,2.31,#B49226,,
02-IMG_0988,W03,5,broad,281,719.0,2253.4,719,2253,181.2,144.49,37.4,181,144,37,50916,40603,10508,102027,1.254,0.2588,144.2,2.21,#B59025,,
02-IMG_0988,W03,6,broad,263,976.5,2157.8,977,2158,181.34,145.92,38.51,182,145,41,47693,38376,10129,96198,1.2428,0.2639,145.28,2.39,#B59227,,
02-IMG_0988,W03,7,broad,217,926.5,2275.4,927,2276,179.43,145.38,37.41,178,144,36,38936,31548,8117,78601,1.2342,0.2573,143.83,1.82,#B39125,,
02-IMG_0988,W03,8,broad,213,741.5,2223.1,741,2223,181.57,144.8,37.12,185,149,39,38675,30842,7907,77424,1.254,0.2564,144.35,2.16,#B69125,,
02-IMG_0988,W03,9,broad,184,699.3,2193.3,699,2193,181.01,144.4,36.38,180,143,36,33305,26570,6693,66568,1.2535,0.2519,143.65,1.41,#B59024,,
02-IMG_0988,W03,10,broad,177,528.3,2210.4,528,2210,181.66,144.32,35.86,180,142,33,32153,25544,6347,64044,1.2587,0.2485,143.99,2.21,#B69024,,
02-IMG_0988,W03,11,broad,177,720.9,2220.6,721,2221,182.03,145.4,37.29,184,147,40,32219,25735,6601,64555,1.252,0.2565,144.41,2.37,#B69125,,
02-IMG_0988,W03,12,broad,174,844.3,2181.0,844,2181,179.75,144.75,40.88,180,145,41,31277,25187,7113,63577,1.2418,0.2824,143.92,2.39,#B49129,,
02-IMG_0988,W03,13,broad,136,551.1,2176.1,551,2176,182.96,144.96,36.37,183,145,36,24882,19714,4946,49542,1.2621,0.2509,144.36,2.21,#B79124,,
02-IMG_0988,W03,14,bright core,13560,760.3,2085.6,760,2086,186.34,149.44,35.7,186,149,34,2526796,2026412,484128,5037336,1.2469,0.2389,148.87,1.71,#BA9524,,
02-IMG_0988,W03,15,bright core,603,885.4,2076.4,885,2076,184.81,148.82,36.99,184,148,36,111440,89738,22304,223482,1.2418,0.2485,147.97,1.64,#B99525,,
02-IMG_0988,W03,16,bright core,458,611.3,2123.0,611,2123,186.07,148.24,38.76,187,149,40,85222,67895,17752,170869,1.2552,0.2615,147.99,2.06,#BA9427,,
02-IMG_0988,W03,17,bright core,393,634.2,2089.8,634,2090,187.06,148.87,38.19,187,149,38,73516,58507,15009,147032,1.2565,0.2565,148.1,2.13,#BB9526,,
02-IMG_0988,W03,18,bright core,178,983.7,2218.4,984,2218,184.93,149.23,37.78,188,152,40,32917,26563,6725,66205,1.2392,0.2532,148.04,2.27,#B99526,,
02-IMG_0988,W03,19,bright core,176,850.6,2046.4,851,2046,185.11,148.66,40.06,186,149,42,32580,26164,7050,65794,1.2452,0.2695,148.12,2.43,#B99528,,
02-IMG_0988,W03,20,bright core,98,639.5,2116.1,639,2116,184.83,148.61,37.7,187,151,39,18113,14564,3695,36372,1.2437,0.2537,147.58,1.77,#B99526,,
02-IMG_0988,W03,21,bright core,96,943.7,2254.4,944,2254,183.4,149.61,39.76,181,148,35,17606,14363,3817,35786,1.2258,0.2658,147.56,2.54,#B79628,,
02-IMG_0988,W03,22,bright core,87,646.5,2073.4,646,2073,188.37,148.37,36.59,190,150,37,16388,12908,3183,32479,1.2696,0.2466,147.82,1.91,#BC9425,,
02-IMG_0988,W03,23,bright core,85,886.7,2108.2,887,2108,185.28,149.28,38.29,185,149,37,15749,12689,3255,31693,1.2412,0.2565,147.78,1.83,#B99526,,
02-IMG_0988,W03,24,bright core,76,625.5,2144.6,626,2145,185.21,149.18,38.75,184,148,38,14076,11338,2945,28359,1.2415,0.2597,147.39,2.57,#B99527,,
02-IMG_0988,W03,25,bright core,65,929.9,2244.1,930,2244,182.98,148.98,40.37,182,148,38,11894,9684,2624,24202,1.2282,0.271,147.07,2.16,#B79528,,
02-IMG_0988,W03,26,local peak,550,729.9,2030.8,730,2031,189.12,151.97,38.42,192,155,41,104014,83581,21130,208725,1.2445,0.2528,151.03,2.55,#BD9826,,
02-IMG_0988,W03,27,local peak,504,600.6,2106.1,601,2106,192.85,155.01,44.43,186,148,39,97197,78126,22391,197714,1.2441,0.2866,153.92,6.79,#C19B2C,,
02-IMG_0988,W03,28,local peak,420,525.3,2214.5,525,2214,181.36,143.66,35.87,181,143,34,76171,60339,15067,151577,1.2624,0.2497,143.36,2.59,#B59024,,
02-IMG_0988,W03,29,local peak,418,686.7,2060.3,688,2060,191.02,154.02,39.36,185,148,33,79847,64381,16453,160681,1.2402,0.2556,152.66,2.79,#BF9A27,,
02-IMG_0988,W03,30,local peak,369,561.8,2141.1,562,2141,184.79,146.26,37.69,186,145,37,68186,53969,13907,136062,1.2634,0.2577,145.78,3.63,#B99226,,
02-IMG_0988,W03,31,local peak,320,828.1,2226.2,828,2226,195.42,160.18,46.94,238,203,83,62534,51256,15022,128812,1.22,0.2931,158.2,13.18,#C3A02F,,
02-IMG_0988,W03,32,local peak,313,718.7,2256.6,719,2257,180.98,144.62,37.41,182,145,38,56646,45266,11708,113620,1.2514,0.2586,144.21,2.4,#B59125,,
02-IMG_0988,W03,33,local peak,287,788.3,2136.9,788,2137,189.43,153.4,38.17,190,155,39,54366,44025,10956,109347,1.2349,0.2489,152.33,1.84,#BD9926,,
02-IMG_0988,W03,34,local peak,273,998.3,2251.4,997,2251,183.04,146.81,38.19,182,146,36,49969,40080,10426,100475,1.2467,0.2601,145.56,2.42,#B79326,,
02-IMG_0988,W03,35,local peak,259,766.0,2153.1,766,2153,188.55,151.62,37.92,188,151,36,48835,39269,9822,97926,1.2436,0.2501,150.81,2.28,#BD9826,,
02-IMG_0988,W03,36,local peak,257,644.8,2054.4,645,2054,190.16,150.59,39.17,188,148,37,48872,38701,10066,97639,1.2628,0.2601,149.94,3.18,#BE9727,,
02-IMG_0988,W03,37,local peak,255,777.5,2030.7,777,2031,192.42,154.94,42.61,197,160,46,49067,39510,10866,99443,1.2419,0.275,153.54,4.73,#C09B2B,,
02-IMG_0988,W03,38,local peak,232,946.0,2257.2,946,2257,182.28,148.38,39.73,184,150,40,42290,34423,9217,85930,1.2285,0.2678,146.79,2.94,#B69428,,
02-IMG_0988,W03,39,local peak,228,862.9,2205.5,863,2205,182.87,146.85,35.52,182,146,34,41694,33481,8098,83273,1.2453,0.2419,145.9,2.05,#B79324,,
02-IMG_0988,W03,40,local peak,219,926.4,2432.2,926,2432,180.07,143.24,37.47,180,143,37,39435,31369,8205,79009,1.2571,0.2616,142.41,3.06,#B48F25,,
02-IMG_0988,W03,41,local peak,209,983.0,2217.2,983,2217,185.0,149.34,37.87,183,147,35,38666,31212,7914,77792,1.2388,0.2536,148.01,2.5,#B99526,,
02-IMG_0988,W04,1,broad,31932,2054.5,2128.0,2055,2128,191.37,156.88,38.42,197,162,46,6110869,5009389,1226678,12346936,1.2199,0.2449,155.46,2.04,#BF9D26,,
02-IMG_0988,W04,2,broad,2012,2100.9,2307.6,2101,2308,188.77,156.56,37.33,189,157,38,379799,314994,75105,769898,1.2057,0.2384,154.44,1.94,#BD9D25,,
02-IMG_0988,W04,3,broad,629,2069.9,2238.1,2070,2238,189.81,154.78,38.06,189,154,38,119389,97359,23937,240685,1.2263,0.2459,153.32,1.35,#BE9B26,,
02-IMG_0988,W04,4,broad,273,1867.5,2199.4,1868,2199,191.24,156.89,38.56,189,154,36,52208,42830,10526,105564,1.219,0.2458,155.59,2.63,#BF9D27,,
02-IMG_0988,W04,5,broad,256,2022.4,2226.5,2022,2226,190.37,154.58,40.35,190,155,39,48734,39573,10329,98636,1.2315,0.261,153.45,2.03,#BE9B28,,
02-IMG_0988,W04,6,broad,180,2052.4,2279.5,2052,2279,190.13,156.04,37.82,191,156,38,34224,28088,6808,69120,1.2185,0.2424,154.05,1.94,#BE9C26,,
02-IMG_0988,W04,7,broad,179,2024.4,2274.0,2024,2274,189.03,155.48,41.11,187,154,39,33836,27831,7359,69026,1.2158,0.2644,153.55,2.15,#BD9B29,,
02-IMG_0988,W04,8,broad,170,2152.9,2229.1,2153,2229,191.86,156.86,39.99,193,158,40,32616,26666,6798,66080,1.2231,0.2549,154.24,2.41,#C09D28,,
02-IMG_0988,W04,9,broad,163,2087.5,2227.2,2087,2227,191.44,156.44,39.43,191,156,40,31204,25499,6427,63130,1.2237,0.252,154.32,2.14,#BF9C27,,
02-IMG_0988,W04,10,broad,158,1920.6,2276.2,1921,2276,188.46,155.46,40.3,188,155,40,29777,24563,6368,60708,1.2123,0.2593,153.24,2.0,#BC9B28,,
02-IMG_0988,W04,11,broad,157,2133.1,2217.5,2133,2218,191.38,156.38,38.25,191,156,38,30047,24552,6006,60605,1.2238,0.2446,154.5,2.42,#BF9C26,,
02-IMG_0988,W04,12,broad,143,1938.3,2304.8,1938,2305,190.46,157.52,41.59,194,161,45,27236,22525,5948,55709,1.2091,0.2641,154.37,2.41,#BE9E2A,,
02-IMG_0988,W04,13,broad,141,1928.7,2250.4,1929,2251,190.12,155.72,39.9,189,154,38,26807,21956,5626,54389,1.2209,0.2562,153.42,2.03,#BE9C28,,
02-IMG_0988,W04,14,bright core,4057,2088.9,2148.2,2090,2148,193.92,160.0,39.81,194,160,37,786732,649120,161526,1597378,1.212,0.2488,158.16,2.35,#C2A028,,
02-IMG_0988,W04,15,bright core,2836,2092.0,2060.8,2092,2061,194.27,159.95,37.86,195,161,38,550948,453622,107375,1111945,1.2146,0.2367,158.02,2.29,#C2A026,,
02-IMG_0988,W04,16,bright core,1487,2023.1,2108.7,2023,2108,193.72,158.53,40.34,192,157,39,288062,235740,59988,583790,1.2219,0.2545,157.04,1.94,#C29F28,,
02-IMG_0988,W04,17,bright core,1427,1917.3,2145.4,1917,2145,192.98,159.97,39.11,188,156,33,275378,228283,55808,559469,1.2063,0.2445,157.81,2.36,#C1A027,,
02-IMG_0988,W04,18,bright core,875,1900.6,2202.0,1901,2202,192.08,159.81,40.98,190,158,39,168066,139831,35857,343754,1.2019,0.2564,157.2,2.41,#C0A029,,
02-IMG_0988,W04,19,bright core,785,1966.4,2109.3,1966,2109,194.21,158.46,41.33,195,160,42,152451,124389,32446,309286,1.2256,0.2608,156.89,2.22,#C29E29,,
02-IMG_0988,W04,20,bright core,644,1967.5,2158.1,1968,2158,192.53,159.1,39.06,193,158,40,123987,102459,25153,251599,1.2101,0.2455,157.05,1.99,#C19F27,,
02-IMG_0988,W04,21,bright core,262,2134.3,2304.8,2134,2305,191.85,159.09,39.14,191,159,40,50266,41681,10254,102201,1.206,0.246,156.75,2.35,#C09F27,,
02-IMG_0988,W04,22,bright core,250,2192.0,2091.0,2192,2091,193.33,158.0,42.09,193,158,42,48332,39500,10523,98355,1.2236,0.2664,156.37,1.81,#C19E2A,,
02-IMG_0988,W04,23,bright core,245,2018.2,2071.1,2018,2071,193.48,158.48,39.49,189,154,36,47402,38827,9675,95904,1.2209,0.2492,156.49,1.63,#C19E27,,
02-IMG_0988,W04,24,bright core,241,2207.3,2180.1,2207,2180,193.6,159.76,38.42,194,160,37,46657,38502,9260,94419,1.2118,0.2405,157.28,2.28,#C2A026,,
02-IMG_0988,W04,25,bright core,192,2142.6,2061.7,2143,2062,193.7,158.36,42.2,192,157,39,37191,30405,8103,75699,1.2232,0.2665,156.54,2.09,#C29E2A,,
02-IMG_0988,W04,26,local peak,742,2134.8,2292.6,2135,2293,192.25,159.08,39.25,191,156,36,142651,118035,29126,289812,1.2085,0.2468,156.65,3.38,#C09F27,,
02-IMG_0988,W04,27,local peak,507,1880.4,2165.3,1880,2165,197.72,163.8,41.99,197,163,40,100242,83046,21287,204575,1.2071,0.2563,161.4,4.26,#C6A42A,,
02-IMG_0988,W04,28,local peak,427,2116.9,2177.5,2117,2178,195.33,163.42,41.02,195,163,40,83404,69782,17514,170700,1.1952,0.251,160.81,2.66,#C3A329,,
02-IMG_0988,W04,29,local peak,418,2204.1,2067.4,2204,2067,189.75,153.95,40.46,191,156,40,79314,64351,16911,160576,1.2325,0.2628,153.0,2.46,#BE9A28,,
02-IMG_0988,W04,30,local peak,349,2080.4,2044.1,2080,2044,197.35,163.25,40.05,196,162,38,68875,56975,13976,139826,1.2089,0.2453,160.33,2.9,#C5A328,,
02-IMG_0988,W04,31,local peak,278,1913.1,2128.5,1913,2129,198.95,164.51,44.43,202,167,47,55308,45733,12352,113393,1.2094,0.2701,161.6,3.51,#C7A52C,,
02-IMG_0988,W04,32,local peak,259,1859.8,2228.2,1860,2228,195.24,160.31,41.21,197,162,42,50566,41521,10673,102760,1.2178,0.2571,158.3,3.18,#C3A029,,
02-IMG_0988,W04,33,local peak,199,2229.4,2200.5,2229,2200,193.41,158.44,39.98,196,161,43,38489,31529,7956,77974,1.2207,0.2523,156.45,3.2,#C19E28,,
02-IMG_0988,W04,34,local peak,190,2225.9,2100.3,2226,2100,192.21,157.19,40.62,190,155,39,36519,29866,7718,74103,1.2228,0.2584,155.23,2.92,#C09D29,,
02-IMG_0988,W04,35,local peak,177,2206.0,2179.5,2206,2179,194.28,160.34,38.68,195,161,38,34387,28381,6846,69614,1.2116,0.2412,157.79,2.26,#C2A027,,
02-IMG_0988,W04,36,local peak,173,2121.0,2356.8,2121,2357,186.19,153.19,38.12,184,151,36,32211,26502,6594,65307,1.2154,0.2488,151.13,2.46,#BA9926,,
02-IMG_0988,W04,37,local peak,170,2161.2,2048.5,2161,2049,192.06,155.53,46.96,190,154,44,32650,26440,7983,67073,1.2349,0.3019,154.83,2.28,#C09C2F,,
02-IMG_0988,W04,38,local peak,154,1851.2,2291.3,1851,2291,186.75,153.77,39.23,183,150,35,28760,23681,6041,58482,1.2145,0.2551,151.91,1.77,#BB9A27,,
02-IMG_0988,W04,39,local peak,138,2107.8,2044.9,2108,2045,196.63,162.57,39.56,202,168,44,27135,22434,5459,55028,1.2095,0.2433,160.21,2.46,#C5A328,,
02-IMG_0988,W04,40,local peak,138,2013.5,2238.1,2014,2238,192.77,157.97,43.11,192,157,41,26602,21800,5949,54351,1.2203,0.2729,156.06,3.05,#C19E2B,,
02-IMG_0988,W04,41,local peak,137,2053.3,2359.5,2053,2360,189.35,156.35,41.66,189,156,41,25941,21420,5708,53069,1.2111,0.2665,154.05,2.93,#BD9C2A,,
03-IMG_0987,W01,1,broad,20987,749.9,1316.4,750,1316,197.63,158.57,39.11,200,161,40,4147668,3327852,820898,8296418,1.2463,0.2467,158.05,1.74,#C69F27,,
03-IMG_0987,W01,2,broad,5633,718.7,1194.0,719,1194,196.17,159.32,37.62,194,158,35,1105035,897459,211909,2214403,1.2313,0.2361,158.22,1.93,#C49F26,,
03-IMG_0987,W01,3,broad,1521,914.5,1229.7,915,1230,198.26,158.13,41.96,200,159,43,301559,240512,63817,605888,1.2538,0.2653,157.9,2.18,#C69E2A,,
03-IMG_0987,W01,4,broad,1250,964.5,1105.6,965,1106,197.79,157.62,37.85,199,159,38,247237,197030,47307,491574,1.2548,0.2401,157.38,1.78,#C69E26,,
03-IMG_0987,W01,5,broad,1059,930.2,1056.2,931,1056,196.83,156.68,38.37,198,157,39,208438,165926,40633,414997,1.2562,0.2449,156.22,1.71,#C59D26,,
03-IMG_0987,W01,6,broad,386,757.2,1167.7,756,1167,195.67,157.08,37.88,195,156,37,75527,60632,14623,150782,1.2457,0.2412,156.07,1.91,#C49D26,,
03-IMG_0987,W01,7,broad,375,963.6,1248.8,964,1249,197.54,156.57,42.23,199,158,44,74077,58715,15835,148627,1.2616,0.2697,156.51,2.0,#C69D2A,,
03-IMG_0987,W01,8,broad,348,682.7,1364.3,683,1364,197.91,156.88,41.82,198,157,41,68872,54595,14555,138022,1.2615,0.2666,156.38,2.27,#C69D2A,,
03-IMG_0987,W01,9,broad,297,708.5,1010.1,709,1010,196.97,155.97,40.74,198,157,43,58499,46322,12100,116921,1.2629,0.2612,156.08,2.02,#C59C29,,
03-IMG_0987,W01,10,broad,288,854.4,1369.2,854,1369,196.79,156.34,45.64,201,161,50,56676,45026,13143,114845,1.2587,0.2919,156.55,2.08,#C59C2E,,
03-IMG_0987,W01,11,broad,244,903.3,1298.9,903,1299,197.83,156.83,41.68,199,158,44,48271,38267,10169,96707,1.2614,0.2657,156.48,2.26,#C69D2A,,
03-IMG_0987,W01,12,broad,209,964.1,1213.0,964,1213,197.21,156.64,41.93,196,156,42,41216,32738,8764,82718,1.259,0.2677,156.24,2.14,#C59D2A,,
03-IMG_0987,W01,13,broad,195,937.0,1176.5,937,1177,198.0,158.48,42.83,196,156,42,38610,30903,8351,77864,1.2494,0.2702,157.92,2.36,#C69E2B,,
03-IMG_0987,W01,14,broad,193,691.5,1101.1,692,1101,196.56,157.56,40.56,198,159,42,37936,30409,7828,76173,1.2475,0.2574,156.59,2.49,#C59E29,,
03-IMG_0987,W01,15,broad,165,661.6,1085.9,662,1086,197.64,156.98,40.21,199,158,42,32610,25901,6635,65146,1.259,0.2562,156.08,1.81,#C69D28,,
03-IMG_0987,W01,16,broad,157,648.0,1151.7,648,1152,195.55,156.1,38.82,195,156,39,30701,24508,6094,61303,1.2527,0.2487,155.58,1.56,#C49C27,,
03-IMG_0987,W01,17,broad,152,933.5,1331.2,934,1331,198.04,157.98,43.82,196,156,43,30102,24013,6661,60776,1.2536,0.2774,157.38,2.31,#C69E2C,,
03-IMG_0987,W01,18,broad,141,841.0,1040.6,841,1041,196.6,157.43,39.84,199,160,41,27721,22198,5617,55536,1.2488,0.253,156.56,2.47,#C59D28,,
03-IMG_0987,W01,19,broad,141,603.8,1245.2,604,1245,195.98,156.98,39.98,196,157,40,27633,22134,5637,55404,1.2484,0.2547,155.88,2.26,#C49D28,,
03-IMG_0987,W01,20,broad,136,808.6,1386.5,809,1387,197.54,157.54,43.54,201,161,47,26865,21425,5921,54211,1.2539,0.2764,156.49,2.21,#C69E2C,,
03-IMG_0987,W01,21,bright core,7870,754.7,1298.4,755,1298,199.92,161.37,39.21,205,167,44,1573370,1270001,308570,3151941,1.2389,0.243,160.57,1.74,#C8A127,,
03-IMG_0987,W01,22,bright core,3191,719.4,1200.6,719,1201,197.5,161.31,38.79,195,159,36,630229,514750,123771,1268750,1.2243,0.2404,159.95,2.03,#C6A127,,
03-IMG_0987,W01,23,bright core,592,920.9,1222.6,921,1223,199.58,159.46,43.4,198,157,41,118149,94401,25693,238243,1.2516,0.2722,159.2,2.11,#C89F2B,,
03-IMG_0987,W01,24,bright core,439,962.4,1114.0,962,1114,200.05,160.2,39.25,201,161,40,87822,70326,17229,175377,1.2488,0.245,159.52,1.98,#C8A027,,
03-IMG_0987,W01,25,bright core,347,847.1,1330.6,847,1331,199.2,159.67,44.05,201,162,45,69121,55404,15287,139812,1.2476,0.2759,159.1,2.26,#C7A02C,,
03-IMG_0987,W01,26,bright core,337,650.9,1318.7,651,1319,199.08,160.08,42.2,197,158,41,67089,53946,14223,135258,1.2436,0.2637,159.0,2.29,#C7A02A,,
03-IMG_0987,W01,27,bright core,333,883.8,1250.7,884,1251,200.01,160.06,42.25,201,161,40,66603,53300,14069,133972,1.2496,0.264,159.44,2.47,#C8A02A,,
03-IMG_0987,W01,28,bright core,157,765.8,1215.6,766,1216,198.94,161.43,40.27,200,164,41,31234,25344,6322,62900,1.2324,0.2494,159.43,2.31,#C7A128,,
03-IMG_0987,W01,29,bright core,142,786.3,1232.7,786,1233,197.82,161.82,40.25,195,159,39,28090,22978,5715,56783,1.2225,0.2487,159.71,2.76,#C6A228,,
03-IMG_0987,W01,30,bright core,134,886.3,1341.2,886,1341,199.44,160.05,44.47,201,162,45,26725,21447,5959,54131,1.2461,0.2778,158.89,2.13,#C7A02C,,
03-IMG_0987,W01,31,bright core,121,782.0,1390.6,782,1391,199.33,160.16,42.92,199,160,43,24119,19379,5193,48691,1.2446,0.268,158.66,2.32,#C7A02B,,
03-IMG_0987,W01,32,bright core,107,816.5,1335.1,817,1335,199.07,159.95,40.73,199,160,39,21300,17115,4358,42773,1.2445,0.2546,158.89,1.85,#C7A029,,
03-IMG_0987,W01,33,local peak,1319,896.5,1236.7,893,1237,199.25,159.01,43.56,198,158,44,262806,209728,57462,529996,1.2531,0.274,158.6,3.16,#C79F2C,,
03-IMG_0987,W01,34,local peak,969,934.0,1175.6,934,1176,198.06,158.77,42.31,194,154,40,191920,153845,40995,386760,1.2475,0.2665,158.03,3.42,#C69F2A,,
03-IMG_0987,W01,35,local peak,414,800.1,1256.1,800,1256,202.38,164.97,41.38,202,167,41,83785,68297,17130,169212,1.2268,0.2508,163.2,3.05,#CAA529,,
03-IMG_0987,W01,36,local peak,348,726.4,1220.6,726,1221,201.73,165.86,42.47,199,163,40,70202,57721,14779,142702,1.2162,0.256,163.67,2.85,#CAA62A,,
03-IMG_0987,W01,37,local peak,324,955.7,1120.9,956,1121,201.15,161.19,40.9,199,159,38,65172,52226,13252,130650,1.2479,0.2537,160.21,2.84,#C9A129,,
03-IMG_0987,W01,38,local peak,276,708.1,1005.2,708,1005,197.32,156.32,41.55,196,155,41,54460,43144,11468,109072,1.2623,0.2658,156.33,2.21,#C59C2A,,
03-IMG_0987,W01,39,local peak,261,770.8,1265.1,771,1265,205.79,167.82,42.67,206,168,43,53711,43802,11138,108651,1.2262,0.2543,166.09,2.32,#CEA82B,,
03-IMG_0987,W01,40,local peak,237,937.5,1327.8,938,1328,198.3,158.02,43.88,193,153,39,46996,37450,10399,94845,1.2549,0.2777,157.49,2.86,#C69E2C,,
03-IMG_0987,W01,41,local peak,233,918.4,1103.5,918,1104,199.07,158.97,40.75,199,159,38,46384,37039,9494,92917,1.2523,0.2563,157.96,3.16,#C79F29,,
03-IMG_0987,W01,42,local peak,193,816.9,1067.5,817,1067,207.26,166.35,49.48,232,192,71,40002,32106,9550,81658,1.2459,0.2975,164.78,9.14,#CFA631,,
03-IMG_0987,W01,43,local peak,165,887.2,1366.0,887,1366,198.19,158.16,46.39,196,156,43,32702,26096,7654,66452,1.2531,0.2933,157.84,2.46,#C69E2E,,
03-IMG_0987,W01,44,local peak,142,855.5,1375.5,856,1375,198.04,157.83,47.43,196,156,45,28121,22412,6735,57268,1.2547,0.3005,157.47,2.38,#C69E2F,,
03-IMG_0987,W01,45,local peak,131,684.3,1252.9,684,1253,202.05,163.05,42.05,204,165,44,26468,21359,5508,53335,1.2392,0.2579,161.54,3.04,#CAA32A,,
03-IMG_0987,W01,46,local peak,131,656.5,1369.3,657,1369,199.29,158.26,43.5,204,163,47,26107,20732,5698,52537,1.2593,0.2748,157.75,3.42,#C79E2B,,
03-IMG_0987,W01,47,local peak,122,787.6,1226.4,788,1226,198.23,162.22,40.97,196,160,38,24184,19791,4998,48973,1.222,0.2525,159.94,3.03,#C6A229,,
03-IMG_0987,W01,48,local peak,116,852.8,935.2,853,935,196.26,156.66,40.79,200,161,44,22766,18172,4732,45670,1.2528,0.2604,155.43,2.44,#C49D29,,
03-IMG_0987,W02,1,broad,34428,1947.1,1212.5,1945,1214,199.79,161.17,41.57,199,158,50,6878405,5548729,1431224,13858358,1.2396,0.2579,160.48,2.11,#C8A12A,,
03-IMG_0987,W02,2,broad,206,1908.3,1374.7,1908,1375,198.65,159.52,42.72,200,161,44,40922,32862,8801,82585,1.2453,0.2678,159.01,2.2,#C7A02B,,
03-IMG_0987,W02,3,broad,175,1848.6,1097.3,1849,1097,199.07,159.97,42.42,196,157,40,34837,27995,7423,70255,1.2444,0.2652,159.03,2.3,#C7A02A,,
03-IMG_0987,W02,4,bright core,6685,1964.7,1258.3,1965,1258,202.29,164.21,42.17,201,163,40,1352324,1097737,281884,2731945,1.2319,0.2568,163.07,2.27,#CAA42A,,
03-IMG_0987,W02,5,bright core,4342,1959.8,1155.8,1960,1156,202.44,164.23,40.6,199,161,36,879012,713070,176271,1768353,1.2327,0.2472,162.87,2.4,#CAA429,,
03-IMG_0987,W02,6,bright core,400,1864.5,1201.9,1864,1202,202.46,163.45,45.36,205,166,49,80983,65380,18145,164508,1.2387,0.2775,162.33,2.47,#CAA32D,,
03-IMG_0987,W02,7,bright core,251,1859.2,1300.5,1859,1300,201.49,162.18,45.24,201,162,45,50573,40708,11356,102637,1.2423,0.279,161.67,1.86,#C9A22D,,
03-IMG_0987,W02,8,bright core,185,1865.8,1249.6,1866,1250,200.95,162.83,46.66,199,163,43,37176,30124,8632,75932,1.2341,0.2865,161.69,2.12,#C9A32F,,
03-IMG_0987,W02,9,bright core,185,1842.5,1271.9,1842,1272,201.5,164.28,50.29,201,164,49,37277,30392,9304,76973,1.2265,0.3061,162.81,2.74,#C9A432,,
03-IMG_0987,W02,10,bright core,178,1922.5,1116.7,1923,1117,202.59,163.61,44.97,202,163,44,36061,29122,8004,73187,1.2383,0.2748,162.14,2.66,#CBA42D,,
03-IMG_0987,W02,11,bright core,178,2031.8,1183.3,2032,1184,202.35,163.79,42.19,201,163,40,36019,29154,7510,72683,1.2355,0.2576,161.99,2.49,#CAA42A,,
03-IMG_0987,W02,12,bright core,167,1998.1,1305.0,1998,1305,203.17,164.28,43.72,203,165,42,33929,27435,7302,68666,1.2367,0.2662,162.63,2.25,#CBA42C,,
03-IMG_0987,W02,13,bright core,162,1904.9,1354.1,1905,1354,202.6,163.02,48.57,202,163,46,32821,26410,7868,67099,1.2427,0.2979,162.26,2.86,#CBA331,,
03-IMG_0987,W02,14,bright core,144,1885.2,1262.9,1885,1263,203.15,164.66,42.99,204,166,43,29254,23711,6191,59156,1.2338,0.2611,163.12,2.38,#CBA52B,,
03-IMG_0987,W02,15,bright core,140,2002.6,1057.6,2003,1058,201.79,162.79,43.99,201,162,45,28250,22790,6158,57198,1.2396,0.2702,161.62,1.93,#CAA32C,,
03-IMG_0987,W02,16,local peak,790,2045.0,1257.4,2045,1257,204.32,165.84,44.17,206,167,46,161416,131011,34895,327322,1.2321,0.2664,164.44,3.48,#CCA62C,,
03-IMG_0987,W02,17,local peak,258,1914.7,1180.1,1915,1180,205.72,167.74,41.84,209,171,44,53077,43278,10795,107150,1.2264,0.2494,165.73,2.87,#CEA82A,,
03-IMG_0987,W02,18,local peak,257,2089.1,1327.1,2089,1327,198.71,158.72,45.68,199,159,45,51068,40790,11739,103597,1.252,0.2878,157.77,3.02,#C79F2E,,
03-IMG_0987,W02,19,local peak,233,2016.3,1231.1,2016,1231,207.27,168.99,45.78,207,169,46,48295,39375,10666,98336,1.2265,0.2709,166.86,3.36,#CFA92E,,
03-IMG_0987,W02,20,local peak,221,1839.2,1270.8,1839,1271,201.11,163.67,50.25,203,166,52,44445,36172,11105,91722,1.2287,0.307,162.45,3.01,#C9A432,,
03-IMG_0987,W02,21,local peak,187,1847.8,1096.0,1848,1096,198.52,159.36,42.21,198,159,42,37124,29801,7894,74819,1.2457,0.2649,158.71,2.4,#C79F2A,,
03-IMG_0987,W02,22,local peak,187,1939.1,1282.7,1939,1283,205.97,167.83,47.39,209,171,48,38516,31384,8861,78761,1.2272,0.2823,166.13,3.99,#CEA82F,,
03-IMG_0987,W02,23,local peak,186,1840.8,1123.4,1841,1123,200.16,159.09,45.65,204,162,50,37230,29590,8490,75310,1.2582,0.2869,158.95,3.03,#C89F2E,,
03-IMG_0987,W02,24,local peak,174,1825.8,1182.6,1826,1183,199.83,160.82,43.76,199,160,43,34771,27983,7615,70369,1.2426,0.2721,159.86,2.15,#C8A12C,,
03-IMG_0987,W02,25,local peak,162,1849.4,1300.5,1849,1301,200.83,161.17,46.27,200,160,46,32534,26109,7495,66138,1.2461,0.2871,160.71,1.91,#C9A12E,,
03-IMG_0987,W02,26,local peak,154,2119.8,1109.8,2120,1110,201.63,162.18,46.13,207,168,47,31051,24975,7104,63130,1.2433,0.2844,160.83,3.31,#CAA22E,,
03-IMG_0987,W02,27,local peak,149,2013.7,1026.2,2014,1026,201.18,162.18,43.88,203,164,45,29976,24165,6538,60679,1.2405,0.2706,160.59,3.92,#C9A22C,,
03-IMG_0987,W02,28,local peak,143,2013.3,1123.4,2013,1123,205.48,167.05,44.72,203,164,43,29384,23888,6395,59667,1.2301,0.2677,165.12,3.14,#CDA72D,,
03-IMG_0987,W02,29,local peak,143,2181.9,1299.1,2182,1299,197.84,157.97,44.06,199,159,46,28291,22590,6300,57181,1.2524,0.2789,157.11,3.38,#C69E2C,,
03-IMG_0987,W02,30,local peak,129,2036.8,1177.9,2037,1178,202.6,164.2,42.22,199,161,38,26135,21182,5447,52764,1.2338,0.2572,162.45,3.0,#CBA42A,,
03-IMG_0987,W02,31,local peak,125,2053.5,1429.3,2054,1429,197.51,156.51,50.83,200,159,53,24689,19564,6354,50607,1.262,0.3248,156.34,2.5,#C69D33,,
03-IMG_0987,W03,1,broad,30168,781.4,2116.1,781,2116,183.98,146.93,35.71,186,151,35,5550451,4432513,1077439,11060403,1.2522,0.2431,146.67,1.85,#B89324,,
03-IMG_0987,W03,2,broad,4668,927.0,2253.8,927,2254,181.22,144.99,35.91,181,144,37,845923,676826,167651,1690400,1.2498,0.2477,144.48,1.95,#B59124,,
03-IMG_0987,W03,3,broad,559,545.1,2215.7,545,2216,181.0,144.11,37.1,185,149,39,101181,80559,20737,202477,1.256,0.2574,143.77,2.06,#B59025,,
03-IMG_0987,W03,4,broad,320,771.7,2214.9,772,2215,180.84,143.92,36.68,179,142,35,57869,46055,11739,115663,1.2565,0.2549,143.52,1.69,#B59025,,
03-IMG_0987,W03,5,broad,290,694.0,2188.6,694,2189,181.21,144.21,37.24,179,142,35,52552,41822,10800,105174,1.2566,0.2582,143.75,1.75,#B59025,,
03-IMG_0987,W03,6,broad,287,739.8,2214.7,740,2215,181.18,144.18,37.49,182,145,39,52000,41381,10759,104140,1.2566,0.26,143.5,1.67,#B59025,,
03-IMG_0987,W03,7,broad,183,959.3,2142.8,961,2142,180.04,143.04,37.51,179,142,36,32948,26177,6865,65990,1.2587,0.2623,142.87,0.95,#B48F26,,
03-IMG_0987,W03,8,broad,155,956.7,2207.3,958,2207,179.19,144.28,40.56,176,141,37,27775,22364,6287,56426,1.242,0.2811,143.33,1.88,#B39029,,
03-IMG_0987,W03,9,broad,136,879.4,2268.9,879,2269,181.09,145.6,36.93,178,142,32,24628,19802,5022,49452,1.2437,0.2536,144.0,1.92,#B59225,,
03-IMG_0987,W03,10,bright core,12566,751.0,2099.9,751,2100,186.81,149.83,35.56,187,150,35,2347470,1882717,446883,4677070,1.2469,0.2374,149.23,1.96,#BB9624,,
03-IMG_0987,W03,11,bright core,1269,886.2,2090.0,886,2090,185.42,148.61,41.46,183,146,40,235292,188587,52612,476491,1.2477,0.279,148.26,2.06,#B99529,,
03-IMG_0987,W03,12,bright core,1084,823.1,2054.2,823,2054,186.86,149.13,39.18,191,153,42,202556,161659,42466,406681,1.253,0.2627,148.73,2.56,#BB9527,,
03-IMG_0987,W03,13,bright core,272,831.0,2105.4,831,2105,188.25,150.92,39.58,187,149,38,51203,41050,10766,103019,1.2473,0.2623,149.83,3.08,#BC9728,,
03-IMG_0987,W03,14,bright core,230,997.7,2234.4,998,2234,185.54,149.5,38.2,188,152,40,42675,34386,8787,85848,1.2411,0.2555,148.42,2.61,#BA9626,,
03-IMG_0987,W03,15,bright core,125,851.8,2113.1,852,2113,186.81,149.02,38.83,187,149,40,23351,18627,4854,46832,1.2536,0.2606,147.62,2.2,#BB9527,,
03-IMG_0987,W03,16,bright core,97,634.8,2134.9,635,2135,186.56,148.56,37.56,189,151,40,18096,14410,3643,36149,1.2558,0.2528,147.77,1.92,#BB9526,,
03-IMG_0987,W03,17,bright core,96,630.1,2162.6,630,2163,184.72,148.7,38.71,185,149,39,17733,14275,3716,35724,1.2422,0.2603,147.68,2.56,#B99527,,
03-IMG_0987,W03,18,bright core,79,1001.9,2214.4,1002,2214,186.2,149.65,41.32,189,153,43,14710,11822,3264,29796,1.2443,0.2761,148.72,2.67,#BA9629,,
03-IMG_0987,W03,19,bright core,78,665.0,2105.2,665,2105,186.5,148.6,37.29,186,148,37,14547,11591,2909,29047,1.255,0.251,147.51,1.46,#BA9525,,
03-IMG_0987,W03,20,bright core,77,916.4,2277.2,916,2277,185.95,149.95,38.83,187,151,39,14318,11546,2990,28854,1.2401,0.259,148.22,2.15,#BA9627,,
03-IMG_0987,W03,21,local peak,734,542.6,2211.4,543,2211,181.3,144.39,37.37,182,145,38,133071,105983,27433,266487,1.2556,0.2588,143.91,2.49,#B59025,,
03-IMG_0987,W03,22,local peak,592,686.3,2069.0,686,2069,191.8,154.18,39.8,195,158,41,113544,91275,23561,228380,1.244,0.2581,153.06,3.21,#C09A28,,
03-IMG_0987,W03,23,local peak,483,612.3,2112.0,612,2112,192.44,155.01,42.37,194,157,43,92950,74870,20463,188283,1.2415,0.2733,153.54,6.13,#C09B2A,,
03-IMG_0987,W03,24,local peak,446,577.1,2151.8,577,2152,186.2,148.23,38.7,194,156,47,83045,66112,17261,166418,1.2561,0.2611,147.29,3.76,#BA9427,,
03-IMG_0987,W03,25,local peak,382,765.6,2162.7,766,2163,190.11,153.32,40.04,192,156,42,72623,58568,15296,146487,1.24,0.2612,152.12,2.96,#BE9928,,
03-IMG_0987,W03,26,local peak,374,937.1,2448.0,937,2448,178.74,144.74,37.59,177,143,36,66847,54131,14057,135035,1.2349,0.2597,143.38,3.09,#B39126,,
03-IMG_0987,W03,27,local peak,358,549.2,2373.1,549,2373,184.49,147.99,39.47,178,141,34,66046,52982,14130,133158,1.2466,0.2667,146.9,4.29,#B89427,,
03-IMG_0987,W03,28,local peak,352,996.6,2235.3,997,2235,184.87,148.74,38.01,186,150,38,65074,52357,13380,130811,1.2429,0.2556,147.75,2.7,#B99526,,
03-IMG_0987,W03,29,local peak,343,877.4,2069.4,878,2067,190.29,153.31,47.07,187,150,43,65270,52584,16144,133998,1.2413,0.307,151.78,3.5,#BE992F,,
03-IMG_0987,W03,30,local peak,335,738.1,2043.5,738,2044,189.01,152.03,38.71,189,154,38,63319,50929,12967,127215,1.2433,0.2546,150.92,2.34,#BD9827,,
03-IMG_0987,W03,31,local peak,313,834.2,2242.5,834,2243,194.6,158.24,48.0,247,210,95,60909,49529,15023,125461,1.2298,0.3033,157.06,12.29,#C39E30,,
03-IMG_0987,W03,32,local peak,224,972.9,2413.1,973,2413,179.26,144.09,36.38,177,143,35,40154,32277,8150,80581,1.244,0.2525,143.07,2.91,#B39024,,
03-IMG_0987,W03,33,local peak,217,873.9,2224.2,874,2224,183.7,147.44,37.8,181,145,35,39863,31995,8202,80060,1.2459,0.2564,146.27,2.54,#B89326,,
03-IMG_0987,W03,34,local peak,202,839.5,2309.2,839,2309,178.1,143.1,40.79,176,141,39,35976,28906,8240,73122,1.2446,0.2851,142.26,3.1,#B28F29,,
03-IMG_0987,W03,35,local peak,198,903.7,2291.9,904,2292,182.29,145.73,37.48,181,144,37,36093,28855,7421,72369,1.2508,0.2572,145.05,2.33,#B69225,,
03-IMG_0987,W03,36,local peak,193,913.9,2096.9,914,2097,186.59,150.25,41.21,186,150,40,36012,28999,7954,72965,1.2418,0.2743,149.18,2.36,#BB9629,,
03-IMG_0987,W04,1,broad,32202,2049.8,2150.9,2050,2151,191.63,156.65,37.86,195,160,40,6170860,5044378,1219134,12434372,1.2233,0.2417,155.3,2.05,#C09D26,,
03-IMG_0987,W04,2,broad,1059,2083.3,2325.5,2083,2325,190.27,155.32,37.7,190,155,37,201501,164483,39927,405911,1.2251,0.2427,153.98,1.65,#BE9B26,,
03-IMG_0987,W04,3,broad,626,2141.7,2241.6,2142,2242,191.24,156.24,38.71,193,158,38,119717,97807,24235,241759,1.224,0.2478,154.62,2.35,#BF9C27,,
03-IMG_0987,W04,4,broad,598,2100.1,2262.3,2100,2262,190.59,155.59,37.98,190,155,39,113973,93041,22715,229729,1.225,0.2441,154.11,2.16,#BF9C26,,
03-IMG_0987,W04,5,broad,441,2131.4,2320.6,2131,2321,190.78,155.74,37.93,189,154,36,84135,68683,16729,169547,1.225,0.2436,154.35,1.96,#BF9C26,,
03-IMG_0987,W04,6,broad,310,2049.6,2352.8,2050,2353,188.72,155.55,42.59,189,156,41,58502,48221,13202,119925,1.2132,0.2738,153.85,2.07,#BD9C2B,,
03-IMG_0987,W04,7,broad,292,1893.4,2332.6,1893,2333,189.67,155.54,40.12,193,158,42,55384,45419,11715,112518,1.2194,0.2579,153.91,2.39,#BE9C28,,
03-IMG_0987,W04,8,broad,194,2012.2,2247.0,2012,2247,191.12,155.31,41.4,191,155,43,37078,30130,8032,75240,1.2306,0.2666,153.54,2.28,#BF9B29,,
03-IMG_0987,W04,9,broad,177,1958.7,2258.0,1958,2259,190.67,155.38,39.85,187,152,36,33748,27503,7053,68304,1.2271,0.2564,153.54,2.25,#BF9B28,,
03-IMG_0987,W04,10,broad,167,1937.0,2315.9,1937,2316,191.23,155.89,40.49,188,153,37,31935,26033,6761,64729,1.2267,0.2597,154.01,2.5,#BF9C28,,
03-IMG_0987,W04,11,broad,161,1938.2,2334.9,1938,2335,190.5,155.95,40.61,195,160,44,30670,25108,6539,62317,1.2215,0.2604,154.13,2.17,#BE9C29,,
03-IMG_0987,W04,12,bright core,5509,2087.8,2151.2,2088,2151,194.18,159.64,38.32,193,158,38,1069720,879451,211127,2160298,1.2163,0.2401,157.78,2.19,#C2A026,,
03-IMG_0987,W04,13,bright core,2456,2119.1,2079.1,2119,2079,193.89,159.12,38.46,195,161,38,476200,390808,94450,961458,1.2185,0.2417,157.34,2.16,#C29F26,,
03-IMG_0987,W04,14,bright core,1049,2009.9,2089.9,2010,2090,194.3,158.77,42.18,190,155,39,203817,166552,44242,414611,1.2237,0.2656,157.25,2.3,#C29F2A,,
03-IMG_0987,W04,15,bright core,831,1926.9,2147.4,1927,2147,194.32,159.12,38.96,193,159,36,161482,132228,32379,326089,1.2212,0.2449,157.55,2.42,#C29F27,,
03-IMG_0987,W04,16,bright core,633,2215.1,2197.5,2218,2201,192.55,159.01,40.63,192,160,39,121882,100653,25721,248256,1.2109,0.2555,156.95,2.4,#C19F29,,
03-IMG_0987,W04,17,bright core,417,1970.1,2115.4,1971,2116,194.26,157.65,41.2,194,157,40,81005,65742,17181,163928,1.2322,0.2613,156.33,1.74,#C29E29,,
03-IMG_0987,W04,18,bright core,406,2211.2,2117.4,2210,2116,194.67,159.62,40.62,189,154,36,79034,64806,16491,160331,1.2195,0.2545,157.46,2.7,#C3A029,,
03-IMG_0987,W04,19,bright core,403,2041.1,2083.7,2041,2084,195.78,160.55,41.03,191,156,36,78900,64700,16535,160135,1.2195,0.2556,158.48,2.96,#C4A129,,
03-IMG_0987,W04,20,bright core,353,1916.5,2180.4,1916,2180,193.97,159.1,39.55,194,160,37,68470,56163,13961,138594,1.2191,0.2486,157.03,2.39,#C29F28,,
03-IMG_0987,W04,21,bright core,323,1976.1,2173.7,1976,2174,193.48,158.63,39.26,193,158,40,62493,51236,12682,126411,1.2197,0.2475,156.82,2.1,#C19F27,,
03-IMG_0987,W04,22,bright core,302,2213.2,2154.1,2213,2154,194.4,159.4,40.57,196,161,41,58709,48139,12251,119099,1.2196,0.2545,157.37,2.62,#C29F29,,
03-IMG_0987,W04,23,bright core,260,1902.7,2209.9,1903,2210,194.33,159.49,39.24,197,162,42,50526,41468,10202,102196,1.2184,0.246,157.37,2.44,#C29F27,,
03-IMG_0987,W04,24,local peak,617,1900.2,2158.0,1899,2156,198.2,163.16,42.5,191,156,36,122291,100668,26220,249179,1.2148,0.2605,160.4,3.49,#C6A32A,,
03-IMG_0987,W04,25,local peak,507,2137.5,2289.0,2137,2289,194.57,159.54,41.53,202,167,49,98648,80888,21058,200594,1.2196,0.2603,157.37,3.67,#C3A02A,,
03-IMG_0987,W04,26,local peak,435,2141.5,2335.2,2142,2335,190.52,156.12,41.44,194,158,44,82878,67913,18025,168816,1.2204,0.2654,154.37,3.51,#BF9C29,,
03-IMG_0987,W04,27,local peak,359,2204.5,2080.2,2204,2080,192.24,155.43,39.53,196,159,42,69014,55798,14191,139003,1.2369,0.2543,154.14,3.14,#C09B28,,
03-IMG_0987,W04,28,local peak,347,2213.7,2113.6,2214,2114,195.32,160.11,41.14,196,161,41,67776,55558,14277,137611,1.2199,0.257,157.9,2.96,#C3A029,,
03-IMG_0987,W04,29,local peak,269,1857.0,2307.5,1857,2307,186.76,153.75,38.9,184,151,38,50239,41359,10465,102063,1.2147,0.253,152.05,2.29,#BB9A27,,
03-IMG_0987,W04,30,local peak,209,2213.7,2209.3,2214,2209,193.32,159.23,41.73,196,161,45,40404,33279,8722,82405,1.2141,0.2621,157.35,2.69,#C19F2A,,
03-IMG_0987,W04,31,local peak,204,2199.6,2244.4,2199,2245,191.78,156.26,41.47,186,151,35,39124,31877,8459,79460,1.2273,0.2654,154.27,3.75,#C09C29,,
03-IMG_0987,W04,32,local peak,198,2069.4,2058.2,2069,2058,198.67,162.73,42.23,193,157,37,39336,32220,8361,79917,1.2209,0.2595,160.27,3.72,#C7A32A,,
03-IMG_0987,W04,33,local peak,190,2045.3,2063.6,2045,2064,200.09,163.64,45.18,201,165,45,38018,31091,8584,77693,1.2228,0.2761,161.42,3.62,#C8A42D,,
03-IMG_0987,W04,34,local peak,186,2217.3,2145.2,2217,2145,195.19,160.19,41.94,193,158,40,36305,29795,7801,73901,1.2185,0.2618,158.04,3.11,#C3A02A,,
03-IMG_0987,W04,35,local peak,174,2111.5,2276.0,2112,2276,195.55,160.6,41.28,194,159,39,34026,27945,7182,69153,1.2176,0.257,158.11,3.87,#C4A129,,
03-IMG_0987,W04,36,local peak,173,2050.4,2363.4,2050,2363,190.09,156.76,44.54,188,155,42,32886,27120,7706,67712,1.2126,0.2841,154.75,3.04,#BE9D2D,,
03-IMG_0987,W04,37,local peak,167,2099.2,2204.4,2099,2204,196.11,161.87,39.33,196,162,39,32751,27032,6568,66351,1.2116,0.243,159.71,2.39,#C4A227,,
03-IMG_0987,W04,38,local peak,152,1876.7,2349.0,1877,2349,189.3,155.84,44.19,188,154,44,28774,23688,6717,59179,1.2147,0.2836,153.55,3.23,#BD9C2C,,
03-IMG_0987,W04,39,local peak,145,2205.2,2188.6,2205,2189,194.08,159.76,40.39,196,161,41,28142,23165,5856,57163,1.2148,0.2528,157.75,2.67,#C2A028,,
04-IMG_0986,W01,1,broad,31542,827.3,1109.2,827,1109,192.88,159.41,6.16,194,161,6,6083672,5028043,194329,11306044,1.2099,0.0386,155.41,1.36,#C19F06,,
04-IMG_0986,W01,2,broad,2668,1062.6,1006.4,1063,1006,191.77,157.9,6.65,192,158,7,511635,421290,17739,950664,1.2144,0.0421,154.09,1.36,#C09E07,,
04-IMG_0986,W01,3,broad,1656,1002.9,780.7,1003,781,193.1,157.99,7.58,193,158,6,319776,261632,12554,593962,1.2222,0.048,154.5,1.59,#C19E08,,
04-IMG_0986,W01,4,broad,465,763.2,769.9,763,770,192.25,156.95,7.88,192,156,6,89397,72983,3666,166046,1.2249,0.0502,153.43,1.77,#C09D08,,
04-IMG_0986,W01,5,broad,343,1014.5,823.3,1014,823,192.87,157.39,8.5,191,155,7,66154,53984,2917,123055,1.2254,0.054,153.75,1.77,#C19D09,,
04-IMG_0986,W01,6,broad,300,910.5,748.8,911,749,191.4,155.92,7.66,191,155,7,57419,46775,2297,106491,1.2276,0.0491,152.51,1.12,#BF9C08,,
04-IMG_0986,W01,7,broad,251,652.8,959.8,653,960,190.88,156.57,5.99,193,157,7,47912,39298,1504,88714,1.2192,0.0383,152.72,1.41,#BF9D06,,
04-IMG_0986,W01,8,broad,194,632.9,1013.9,633,1014,190.7,156.8,6.31,191,157,8,36996,30419,1225,68640,1.2162,0.0403,152.51,1.56,#BF9D06,,
04-IMG_0986,W01,9,broad,187,636.9,986.2,637,986,191.49,157.7,6.32,191,157,6,35808,29489,1182,66479,1.2143,0.0401,153.49,1.85,#BF9E06,,
04-IMG_0986,W01,10,bright core,11783,796.6,1120.0,794,1117,194.65,161.5,7.69,193,160,7,2293576,1902900,90642,4287118,1.2053,0.0476,157.28,1.39,#C3A108,,
04-IMG_0986,W01,11,bright core,2275,1020.1,1102.6,1020,1103,195.16,161.28,7.01,196,163,8,443984,366907,15943,826834,1.2101,0.0435,157.26,1.29,#C3A107,,
04-IMG_0986,W01,12,bright core,658,971.4,1144.1,971,1144,194.66,160.55,6.57,195,160,6,128083,105639,4322,238044,1.2125,0.0409,156.53,1.22,#C3A107,,
04-IMG_0986,W01,13,bright core,516,682.8,994.3,683,994,193.85,160.77,7.92,193,160,7,100026,82959,4089,187074,1.2057,0.0493,156.54,1.53,#C2A108,,
04-IMG_0986,W01,14,bright core,371,1081.3,1007.5,1081,1007,195.58,162.29,9.85,197,164,11,72560,60209,3656,136425,1.2051,0.0607,158.08,1.68,#C4A20A,,
04-IMG_0986,W01,15,bright core,301,1007.7,790.8,1008,791,194.8,159.98,9.52,195,161,10,58635,48154,2867,109656,1.2177,0.0595,156.17,1.62,#C3A00A,,
04-IMG_0986,W01,16,bright core,269,801.8,1040.3,802,1040,193.58,160.58,7.58,193,160,7,52072,43195,2038,97305,1.2055,0.0472,156.26,1.72,#C2A108,,
04-IMG_0986,W01,17,local peak,1359,999.3,774.1,998,773,193.4,158.38,7.67,194,159,7,262827,215242,10419,488488,1.2211,0.0484,154.81,1.94,#C19E08,,
04-IMG_0986,W01,18,local peak,1267,902.4,1071.9,902,1072,194.06,158.99,12.9,193,158,14,245872,201438,16348,463658,1.2206,0.0812,155.19,4.96,#C29F0D,,
04-IMG_0986,W01,19,local peak,702,1021.8,939.0,1022,939,189.45,154.45,11.86,188,153,7,132996,108422,8323,249741,1.2267,0.0768,151.17,3.59,#BD9A0C,,
04-IMG_0986,W01,20,local peak,599,676.8,810.5,677,810,189.28,154.31,7.96,188,153,7,113377,92430,4771,210578,1.2266,0.0516,150.77,2.03,#BD9A08,,
04-IMG_0986,W01,21,local peak,497,797.5,1013.8,798,1014,193.07,157.85,6.53,190,155,3,95956,78451,3244,177651,1.2231,0.0414,153.83,3.29,#C19E07,,
04-IMG_0986,W01,22,local peak,401,1037.2,1101.3,1037,1102,196.0,161.83,7.95,196,163,8,78595,64894,3189,146678,1.2111,0.0491,157.66,1.46,#C4A208,,
04-IMG_0986,W01,23,local peak,400,1083.7,999.5,1084,1000,196.42,163.05,10.77,197,164,11,78567,65220,4308,148095,1.2046,0.0661,158.72,2.09,#C4A30B,,
04-IMG_0986,W01,24,local peak,361,774.5,786.0,775,786,194.22,158.56,10.21,199,163,15,70112,57240,3686,131038,1.2249,0.0644,154.81,3.0,#C29F0A,,
04-IMG_0986,W01,25,local peak,294,728.7,914.6,729,915,188.07,153.79,5.05,186,152,3,55293,45215,1485,101993,1.2229,0.0328,149.85,2.43,#BC9A05,,
04-IMG_0986,W01,26,local peak,270,1027.8,1027.6,1028,1028,191.0,156.11,10.98,190,155,11,51569,42149,2965,96683,1.2235,0.0703,152.31,3.83,#BF9C0B,,
04-IMG_0986,W01,27,local peak,266,811.8,1036.5,812,1037,194.08,160.43,7.46,195,162,9,51624,42674,1984,96282,1.2097,0.0465,156.03,2.77,#C2A007,,
04-IMG_0986,W01,28,local peak,261,1042.5,868.8,1042,869,190.04,155.22,7.08,190,156,7,49601,40513,1848,91962,1.2243,0.0456,151.44,2.53,#BE9B07,,
04-IMG_0986,W01,29,local peak,245,987.1,1093.5,987,1093,194.66,161.27,7.89,194,161,8,47692,39512,1933,89137,1.207,0.0489,156.62,4.0,#C3A108,,
04-IMG_0986,W01,30,local peak,236,858.4,1119.6,858,1120,198.41,165.41,9.73,200,167,12,46825,39037,2297,88159,1.1995,0.0588,160.86,2.13,#C6A50A,,
04-IMG_0986,W01,31,local peak,236,970.0,1126.0,970,1126,201.11,167.69,13.97,217,182,36,47461,39576,3298,90335,1.1992,0.0833,162.83,5.99,#C9A80E,,
04-IMG_0986,W01,32,local peak,179,838.0,728.1,838,728,192.26,157.97,9.85,195,161,12,34415,28276,1764,64455,1.2171,0.0624,153.74,2.96,#C09E0A,,
04-IMG_0986,W02,1,broad,36053,1989.5,1053.7,1990,1054,192.02,158.76,5.49,192,159,4,6923046,5723776,198041,12844863,1.2095,0.0346,154.73,1.43,#C09F05,,
04-IMG_0986,W02,2,broad,409,2183.8,1216.7,2184,1217,186.18,153.37,8.09,185,153,6,76148,62730,3310,142188,1.2139,0.0528,149.17,1.89,#BA9908,,
04-IMG_0986,W02,3,broad,141,2217.2,1208.7,2217,1209,187.48,152.45,9.77,189,154,12,26435,21496,1378,49309,1.2298,0.0641,148.6,1.67,#BB980A,,
04-IMG_0986,W02,4,broad,138,2184.8,798.8,2185,799,187.3,152.08,10.51,188,152,12,25847,20987,1451,48285,1.2316,0.0691,148.67,1.62,#BB980B,,
04-IMG_0986,W02,5,bright core,14109,1972.6,1087.8,1973,1088,195.03,162.15,6.7,193,160,3,2751611,2287770,94476,5133857,1.2027,0.0413,157.83,1.24,#C3A207,,
04-IMG_0986,W02,6,bright core,1421,1953.7,934.8,1954,935,194.52,161.52,7.12,195,162,7,276408,229515,10114,516037,1.2043,0.0441,157.25,1.39,#C3A207,,
04-IMG_0986,W02,7,bright core,69,2001.0,1192.7,2001,1193,193.99,160.99,7.49,194,161,8,13385,11108,517,25010,1.205,0.0465,156.28,1.45,#C2A107,,
04-IMG_0986,W02,8,local peak,1183,2203.9,1199.2,2204,1199,186.88,152.04,11.26,194,158,18,221082,179864,13326,414272,1.2292,0.0741,148.34,3.62,#BB980B,,
04-IMG_0986,W02,9,local peak,696,2164.9,1151.8,2165,1152,183.84,148.55,15.71,181,147,11,127956,103391,10931,242278,1.2376,0.1057,145.45,4.94,#B89510,,
04-IMG_0986,W02,10,local peak,517,2143.1,1206.0,2143,1206,192.28,157.96,9.5,194,159,13,99408,81665,4914,185987,1.2173,0.0602,153.94,3.43,#C09E0A,,
04-IMG_0986,W02,11,local peak,456,2185.8,788.7,2186,789,186.09,150.44,10.7,184,149,7,84856,68600,4877,158333,1.237,0.0711,147.34,3.05,#BA960B,,
04-IMG_0986,W02,12,local peak,444,2236.2,955.0,2236,955,186.62,151.16,17.68,196,162,29,82861,67115,7849,157825,1.2346,0.1169,148.23,6.93,#BB9712,,
04-IMG_0986,W02,13,local peak,433,2100.3,1165.1,2100,1165,194.02,160.81,6.89,196,163,8,84011,69631,2984,156626,1.2065,0.0429,156.05,3.69,#C2A107,,
04-IMG_0986,W02,14,local peak,369,2036.8,898.4,2037,898,186.62,152.29,7.19,189,155,6,68863,56195,2652,127710,1.2254,0.0472,148.61,3.21,#BB9807,,
04-IMG_0986,W02,15,local peak,367,2282.7,1171.6,2283,1172,184.77,148.69,11.9,184,148,10,67809,54568,4366,126743,1.2427,0.08,145.47,3.35,#B9950C,,
04-IMG_0986,W02,16,local peak,352,1970.6,850.4,1971,850,186.86,153.1,5.76,187,152,6,65776,53892,2028,121696,1.2205,0.0376,148.9,2.5,#BB9906,,
04-IMG_0986,W02,17,local peak,303,1974.1,931.9,1974,932,194.8,161.8,7.77,196,163,10,59024,49025,2354,110403,1.204,0.048,157.17,2.22,#C3A208,,
04-IMG_0986,W02,18,local peak,273,2009.6,1088.3,2010,1088,198.91,167.33,9.98,202,172,14,54303,45681,2725,102709,1.1887,0.0597,161.83,2.74,#C7A70A,,
04-IMG_0986,W02,19,local peak,255,2075.2,1187.2,2075,1187,198.84,166.27,9.89,200,167,12,50705,42398,2523,95626,1.1959,0.0595,161.18,2.21,#C7A60A,,
04-IMG_0986,W02,20,local peak,234,2143.4,824.9,2143,825,190.28,154.8,18.06,191,155,19,44526,36223,4227,84976,1.2292,0.1167,150.92,4.43,#BE9B12,,
04-IMG_0986,W02,21,local peak,227,2330.1,1084.6,2330,1085,184.57,149.19,11.34,183,147,9,41898,33867,2574,78339,1.2371,0.076,146.01,2.16,#B9950B,,
04-IMG_0986,W02,22,local peak,198,1933.7,1118.0,1934,1118,198.09,165.18,7.92,201,168,11,39221,32705,1569,73495,1.1992,0.048,160.57,2.11,#C6A508,,
04-IMG_0986,W02,23,local peak,176,2014.3,962.4,2014,962,188.78,154.38,6.57,190,155,9,33226,27170,1156,61552,1.2229,0.0425,150.27,2.38,#BD9A07,,
04-IMG_0986,W03,1,broad,27562,797.4,1925.6,797,1926,181.29,151.44,3.87,180,150,2,4996742,4174099,106639,9277480,1.1971,0.0255,147.1,1.7,#B59704,,
04-IMG_0986,W03,2,broad,3663,763.7,2193.0,764,2193,175.95,148.47,4.02,176,148,5,644511,543853,14718,1203082,1.1851,0.0271,143.76,1.49,#B09404,,
04-IMG_0986,W03,3,broad,2801,720.1,2118.6,720,2119,176.88,149.04,4.17,180,152,6,495442,417454,11694,924590,1.1868,0.028,144.41,1.82,#B19504,,
04-IMG_0986,W03,4,broad,1074,1072.5,2055.4,1072,2055,177.78,149.25,5.41,178,150,6,190931,160299,5806,357036,1.1911,0.0362,144.75,2.12,#B29505,,
04-IMG_0986,W03,5,broad,1049,1004.1,1918.6,1004,1919,178.87,148.16,4.13,178,148,2,187637,155422,4334,347393,1.2073,0.0279,144.19,1.78,#B39404,,
04-IMG_0986,W03,6,broad,881,836.0,2251.7,836,2252,174.09,147.1,4.67,177,150,7,153369,129594,4111,287074,1.1835,0.0317,142.23,1.41,#AE9305,,
04-IMG_0986,W03,7,broad,447,998.6,2131.8,999,2132,176.06,147.81,5.48,175,147,4,78700,66072,2448,147220,1.1911,0.0371,143.43,2.09,#B09405,,
04-IMG_0986,W03,8,broad,436,673.1,2061.8,673,2062,174.99,146.99,3.38,175,147,3,76295,64087,1472,141854,1.1905,0.023,142.31,1.63,#AF9303,,
04-IMG_0986,W03,9,broad,390,1012.8,2086.5,1013,2087,180.45,154.47,6.54,185,159,10,70377,60242,2549,133168,1.1682,0.0423,149.3,2.4,#B49A07,,
04-IMG_0986,W03,10,broad,274,1076.3,2127.2,1076,2127,175.76,147.41,5.43,177,148,8,48157,40391,1488,90036,1.1923,0.0368,142.82,1.87,#B09305,,
04-IMG_0986,W03,11,broad,242,919.7,2280.7,920,2281,173.58,146.58,4.77,173,146,5,42006,35472,1154,78632,1.1842,0.0325,141.79,1.48,#AE9305,,
04-IMG_0986,W03,12,broad,173,950.2,2173.5,950,2174,176.01,148.35,6.13,179,152,9,30449,25665,1060,57174,1.1864,0.0413,143.75,2.39,#B09406,,
04-IMG_0986,W03,13,broad,150,947.0,2289.8,947,2290,173.37,146.63,3.76,172,146,1,26006,21994,564,48564,1.1824,0.0256,141.7,1.74,#AD9304,,
04-IMG_0986,W03,14,bright core,14420,799.9,1910.0,800,1910,184.86,154.96,5.16,188,158,8,2665647,2234580,74448,4974675,1.1929,0.0333,150.41,1.79,#B99B05,,
04-IMG_0986,W03,15,bright core,659,736.1,2120.7,736,2121,180.98,153.42,6.22,184,157,8,119266,101101,4102,224469,1.1797,0.0406,148.43,2.08,#B59906,,
04-IMG_0986,W03,16,bright core,494,700.7,1998.9,701,1999,180.99,153.83,4.8,180,153,4,89409,75993,2373,167775,1.1765,0.0312,148.58,1.93,#B59A05,,
04-IMG_0986,W03,17,bright core,450,1011.4,2089.6,1011,2090,181.09,155.1,7.0,185,159,10,81490,69793,3148,154431,1.1676,0.0451,149.84,2.54,#B59B07,,
04-IMG_0986,W03,18,bright core,297,1076.1,2042.6,1076,2043,183.05,153.63,9.15,180,149,6,54366,45628,2719,102713,1.1915,0.0596,148.96,2.54,#B79A09,,
04-IMG_0986,W03,19,bright core,160,776.7,2183.5,777,2184,179.08,153.08,5.78,177,151,4,28653,24493,925,54071,1.1698,0.0378,147.63,2.04,#B39906,,
04-IMG_0986,W03,20,bright core,119,793.4,2195.3,793,2195,179.34,151.66,5.46,180,152,6,21341,18047,650,40038,1.1825,0.036,146.74,1.25,#B39805,,
04-IMG_0986,W03,21,bright core,83,988.2,1904.3,988,1904,182.18,153.22,6.54,181,154,5,15121,12717,543,28381,1.189,0.0427,148.67,2.7,#B69907,,
04-IMG_0986,W03,22,bright core,78,1007.3,1909.9,1007,1910,181.5,151.64,6.06,181,151,5,14157,11828,473,26458,1.1969,0.04,147.01,1.69,#B69806,,
04-IMG_0986,W03,23,local peak,2494,1036.5,2067.0,1032,2058,178.69,151.26,5.99,176,147,7,445641,377252,14933,837826,1.1813,0.0396,146.27,3.25,#B39706,,
04-IMG_0986,W03,24,local peak,1021,798.4,2183.0,798,2183,177.4,150.56,4.44,176,150,3,181121,153721,4538,339380,1.1782,0.0295,145.43,2.26,#B19704,,
04-IMG_0986,W03,25,local peak,733,742.2,2119.5,742,2119,180.66,153.1,5.87,182,155,6,132423,112225,4302,248950,1.18,0.0383,148.01,2.3,#B59906,,
04-IMG_0986,W03,26,local peak,725,948.8,2165.5,949,2166,175.39,148.11,5.79,178,151,8,127161,107380,4200,238741,1.1842,0.0391,143.14,3.11,#AF9406,,
04-IMG_0986,W03,27,local peak,656,1003.9,2145.9,1004,2146,177.84,149.71,7.56,180,152,8,116660,98211,4960,219831,1.1879,0.0505,144.82,3.48,#B29608,,
04-IMG_0986,W03,28,local peak,505,930.7,1883.3,931,1883,187.12,157.3,7.24,185,156,3,94498,79437,3656,177591,1.1896,0.046,152.08,2.54,#BB9D07,,
04-IMG_0986,W03,29,local peak,505,901.1,1892.7,901,1893,188.16,158.3,8.18,194,164,14,95023,79941,4131,179095,1.1887,0.0517,153.33,2.35,#BC9E08,,
04-IMG_0986,W03,30,local peak,482,682.5,1919.2,682,1919,188.65,159.1,11.56,192,163,9,90927,76686,5571,173184,1.1857,0.0726,153.65,6.71,#BD9F0C,,
04-IMG_0986,W03,31,local peak,444,743.5,1938.6,744,1939,191.18,162.06,9.43,191,162,9,84885,71954,4187,161026,1.1797,0.0582,156.93,2.3,#BFA209,,
04-IMG_0986,W03,32,local peak,440,977.5,1895.3,977,1895,185.52,155.58,9.48,189,159,13,81629,68454,4171,154254,1.1925,0.0609,150.78,3.91,#BA9C09,,
04-IMG_0986,W03,33,local peak,408,911.6,2183.2,912,2183,172.51,144.8,3.81,171,143,0,70383,59077,1554,131014,1.1914,0.0263,139.99,2.55,#AD9104,,
04-IMG_0986,W03,34,local peak,326,900.7,2047.4,901,2047,187.86,156.61,23.54,223,185,62,61241,51055,7675,119971,1.1995,0.1503,152.36,14.76,#BC9D18,,
04-IMG_0986,W03,35,local peak,307,689.0,2001.0,689,2001,182.61,155.08,6.31,185,158,7,56061,47610,1936,105607,1.1775,0.0407,149.7,2.91,#B79B06,,
04-IMG_0986,W03,36,local peak,304,958.1,2100.8,958,2101,173.36,144.54,4.4,174,146,3,52700,43940,1338,97978,1.1994,0.0305,140.15,2.47,#AD9104,,
04-IMG_0986,W03,37,local peak,279,824.1,1894.1,824,1894,191.98,162.33,11.2,197,168,15,53562,45289,3124,101975,1.1827,0.069,156.84,3.15,#C0A20B,,
04-IMG_0986,W03,38,local peak,217,1078.5,2126.7,1078,2127,175.96,147.61,5.66,178,149,9,38184,32031,1228,71443,1.1921,0.0383,143.06,1.87,#B09406,,
04-IMG_0986,W04,1,broad,37152,2056.8,1994.4,2057,1994,185.44,156.44,4.55,189,160,6,6889350,5812172,169209,12870731,1.1853,0.0291,151.59,1.6,#B99C05,,
04-IMG_0986,W04,2,broad,780,2298.7,1966.0,2298,1963,180.14,149.34,5.88,176,145,2,140508,116484,4590,261582,1.2062,0.0394,145.17,1.78,#B49506,,
04-IMG_0986,W04,3,broad,349,2121.9,2008.9,2122,2009,177.58,148.85,1.31,177,149,3,61976,51948,458,114382,1.193,0.0088,144.27,1.85,#B29501,,
04-IMG_0986,W04,4,broad,135,2317.6,1990.4,2318,1990,179.93,148.93,6.04,179,148,5,24291,20106,815,45212,1.2081,0.0405,144.44,1.26,#B49506,,
04-IMG_0986,W04,5,bright core,15620,2035.5,1988.2,2036,1988,189.86,161.72,5.31,194,166,7,2965646,2526102,83005,5574753,1.174,0.0329,156.36,1.47,#BEA205,,
04-IMG_0986,W04,6,bright core,307,2080.6,1898.4,2081,1898,189.73,158.38,5.89,191,160,7,58246,48623,1807,108676,1.1979,0.0372,153.69,1.71,#BE9E06,,
04-IMG_0986,W04,7,bright core,305,2062.9,2128.2,2063,2128,187.26,159.64,8.42,188,161,8,57115,48689,2567,108371,1.1731,0.0527,154.32,2.09,#BBA008,,
04-IMG_0986,W04,8,bright core,59,2137.1,1881.2,2137,1881,189.41,157.41,10.41,189,157,10,11175,9287,614,21076,1.2033,0.0661,152.89,2.05,#BD9D0A,,
04-IMG_0986,W04,9,local peak,1571,2066.4,2133.3,2066,2133,183.93,156.23,6.1,189,159,9,288952,245438,9588,543978,1.1773,0.0391,151.03,2.79,#B89C06,,
04-IMG_0986,W04,10,local peak,936,2217.9,2206.4,2218,2206,171.02,141.58,7.5,173,145,9,160076,132517,7022,299615,1.208,0.053,137.56,2.58,#AB8E08,,
04-IMG_0986,W04,11,local peak,782,2262.8,1889.5,2264,1889,183.44,152.26,7.2,181,151,5,143451,119065,5634,268150,1.2048,0.0473,147.93,2.18,#B79807,,
04-IMG_0986,W04,12,local peak,701,2129.0,2222.9,2129,2223,174.71,146.02,6.14,176,147,7,122473,102358,4305,229136,1.1965,0.0421,141.76,2.41,#AF9206,,
04-IMG_0986,W04,13,local peak,535,2103.7,2051.7,2104,2052,185.59,157.42,3.21,189,160,6,99292,84219,1716,185227,1.179,0.0204,151.97,2.44,#BA9D03,,
04-IMG_0986,W04,14,local peak,415,2080.3,1978.1,2081,1978,195.76,169.12,9.49,196,170,11,81240,70186,3937,155363,1.1575,0.0561,162.77,2.2,#C4A909,,
04-IMG_0986,W04,15,local peak,297,1934.2,2096.6,1934,2097,182.23,155.17,6.28,183,156,7,54123,46085,1865,102073,1.1744,0.0405,149.87,1.69,#B69B06,,
04-IMG_0986,W04,16,local peak,278,2211.8,1871.4,2212,1871,184.53,152.26,6.51,184,152,7,51299,42328,1811,95438,1.2119,0.0428,148.29,1.7,#B99807,,
04-IMG_0986,W04,17,local peak,257,2054.2,1917.7,2054,1918,195.09,166.99,8.05,195,167,6,50137,42917,2069,95123,1.1682,0.0482,160.81,2.96,#C3A708,,
04-IMG_0986,W04,18,local peak,249,2145.4,1871.0,2145,1871,190.41,158.41,11.41,191,159,12,47413,39445,2842,89700,1.202,0.072,153.76,3.1,#BE9E0B,,
04-IMG_0986,W04,19,local peak,246,2259.9,1927.1,2260,1927,184.3,154.27,7.28,182,152,4,45337,37950,1791,85078,1.1947,0.0472,149.2,3.17,#B89A07,,
04-IMG_0986,W04,20,local peak,213,2195.3,2057.3,2195,2057,172.46,141.07,12.49,170,141,5,36733,30047,2661,69441,1.2225,0.0886,137.38,3.76,#AC8D0C,,
04-IMG_0986,W04,21,local peak,208,2122.5,2165.1,2122,2165,175.52,147.41,4.65,176,148,5,36509,30661,967,68137,1.1907,0.0315,142.65,2.27,#B09305,,
04-IMG_0986,W04,22,local peak,207,2143.4,2269.4,2143,2269,172.28,143.78,13.67,177,148,20,35661,29763,2830,68254,1.1982,0.0951,139.46,4.53,#AC900E,,
04-IMG_0986,W04,23,local peak,189,2310.7,2033.1,2311,2033,176.64,145.53,4.53,177,146,4,33385,27505,856,61746,1.2138,0.0311,141.48,1.92,#B19205,,
04-IMG_0986,W04,24,local peak,184,2292.3,1984.1,2292,1984,181.4,150.43,8.2,182,151,8,33378,27679,1508,62565,1.2059,0.0545,145.78,2.37,#B59608,,
05-IMG_0985,W01,1,broad,29876,825.1,1104.1,825,1104,209.58,170.63,39.61,206,167,36,6261483,5097797,1183453,12542733,1.2283,0.2321,169.25,1.66,#D2AB28,,
05-IMG_0985,W01,2,broad,1766,667.0,971.4,667,971,209.37,170.37,40.36,208,169,38,369741,300867,71269,741877,1.2289,0.2369,168.8,2.05,#D1AA28,,
05-IMG_0985,W01,3,broad,664,979.7,747.7,980,748,208.6,169.61,40.37,211,172,43,138511,112622,26808,277941,1.2299,0.238,168.28,1.76,#D1AA28,,
05-IMG_0985,W01,4,broad,654,1059.4,1024.9,1059,1025,209.15,170.15,40.83,211,172,43,136786,111280,26702,274768,1.2292,0.24,168.64,1.82,#D1AA29,,
05-IMG_0985,W01,5,broad,484,1006.2,780.9,1006,781,208.93,169.93,40.93,212,173,44,101123,82247,19811,203181,1.2295,0.2409,168.57,1.89,#D1AA29,,
05-IMG_0985,W01,6,broad,391,640.0,1000.0,640,1000,209.57,170.57,41.34,209,170,41,81940,66691,16162,164793,1.2287,0.2423,169.11,2.42,#D2AB29,,
05-IMG_0985,W01,7,broad,382,766.2,754.4,766,754,208.03,170.37,40.68,209,172,42,79467,65081,15541,160089,1.221,0.2388,168.71,2.22,#D0AA29,,
05-IMG_0985,W01,8,broad,358,1083.3,987.8,1083,988,209.93,170.03,40.52,212,172,41,75154,60872,14505,150531,1.2346,0.2383,168.6,1.78,#D2AA29,,
05-IMG_0985,W01,9,broad,309,888.5,727.3,889,727,208.39,169.39,40.2,207,168,39,64394,52343,12422,129159,1.2302,0.2373,167.82,1.89,#D0A928,,
05-IMG_0985,W01,10,broad,279,726.9,957.5,727,957,208.56,169.56,38.6,206,167,36,58188,47307,10770,116265,1.23,0.2277,167.9,1.62,#D1AA27,,
05-IMG_0985,W01,11,broad,207,917.4,731.2,917,731,209.23,170.23,41.23,210,171,42,43311,35238,8535,87084,1.2291,0.2422,168.57,2.48,#D1AA29,,
05-IMG_0985,W01,12,broad,199,696.0,925.4,696,925,208.64,169.64,39.61,211,172,41,41520,33759,7882,83161,1.2299,0.2335,167.84,1.48,#D1AA28,,
05-IMG_0985,W01,13,broad,194,1019.4,811.6,1019,812,208.64,169.64,40.23,211,172,41,40477,32911,7805,81193,1.2299,0.2372,167.87,1.99,#D1AA28,,
05-IMG_0985,W01,14,broad,189,672.4,935.9,672,936,209.28,170.28,41.28,208,169,40,39554,32183,7802,79539,1.229,0.2424,168.41,1.96,#D1AA29,,
05-IMG_0985,W01,15,broad,181,674.2,902.7,674,903,208.98,169.98,41.03,207,168,39,37825,30766,7427,76018,1.2294,0.2414,168.3,2.31,#D1AA29,,
05-IMG_0985,W01,16,broad,172,693.3,796.9,693,797,210.2,169.66,41.48,209,168,40,36154,29182,7134,72470,1.2389,0.2445,168.27,2.38,#D2AA29,,
05-IMG_0985,W01,17,broad,155,662.9,1049.5,663,1050,209.59,170.59,41.66,209,170,41,32487,26442,6457,65386,1.2286,0.2442,168.84,2.27,#D2AB2A,,
05-IMG_0985,W01,18,broad,148,639.3,1067.5,639,1067,209.02,170.02,40.9,211,172,41,30935,25163,6053,62151,1.2294,0.2406,168.38,2.57,#D1AA29,,
05-IMG_0985,W01,19,broad,142,858.9,734.2,859,734,209.06,170.06,41.37,211,172,43,29686,24148,5874,59708,1.2293,0.2432,168.39,2.18,#D1AA29,,
05-IMG_0985,W01,20,bright core,5233,780.9,1133.9,778,1137,210.89,171.95,40.84,211,172,41,1103582,899833,213712,2217127,1.2264,0.2375,170.42,1.5,#D3AC29,,
05-IMG_0985,W01,21,bright core,1903,863.1,1099.7,863,1100,211.52,173.14,41.04,213,175,42,402529,329489,78091,810109,1.2217,0.237,171.46,2.12,#D4AD29,,
05-IMG_0985,W01,22,bright core,1496,1023.9,1090.8,1024,1091,211.14,172.16,41.12,211,172,41,315866,257550,61520,634936,1.2264,0.2389,170.61,1.77,#D3AC29,,
05-IMG_0985,W01,23,bright core,915,955.6,1134.3,956,1134,211.67,172.43,41.54,209,170,39,193681,157771,38008,389460,1.2276,0.2409,170.6,2.06,#D4AC2A,,
05-IMG_0985,W01,24,bright core,634,887.9,1159.3,888,1161,210.51,171.51,40.51,209,170,39,133463,108736,25682,267881,1.2274,0.2362,170.03,1.34,#D3AC29,,
05-IMG_0985,W01,25,bright core,337,837.5,1052.9,838,1053,210.36,171.82,39.93,210,171,40,70893,57905,13458,142256,1.2243,0.2324,169.92,1.56,#D2AC28,,
05-IMG_0985,W01,26,bright core,331,708.1,1061.9,708,1062,211.64,172.64,41.64,212,173,42,70054,57145,13784,140983,1.2259,0.2412,170.53,2.1,#D4AD2A,,
05-IMG_0985,W01,27,bright core,308,752.2,1030.2,752,1030,211.51,172.52,41.49,213,174,43,65144,53136,12780,131060,1.226,0.2405,170.63,2.27,#D4AD29,,
05-IMG_0985,W01,28,bright core,304,797.9,1021.9,798,1022,211.9,172.3,41.23,212,172,41,64419,52380,12534,129333,1.2298,0.2393,170.86,2.16,#D4AC29,,
05-IMG_0985,W01,29,bright core,301,900.9,1072.2,901,1072,212.3,173.03,42.02,214,175,44,63901,52082,12649,128632,1.2269,0.2429,171.4,2.64,#D4AD2A,,
05-IMG_0985,W01,30,bright core,300,774.9,1045.2,775,1045,210.67,171.67,40.67,209,170,39,63202,51502,12202,126906,1.2272,0.2369,170.06,1.63,#D3AC29,,
05-IMG_0985,W01,31,bright core,257,691.5,1030.1,692,1030,211.24,172.24,41.36,212,173,42,54289,44266,10629,109184,1.2264,0.2401,170.29,2.32,#D3AC29,,
05-IMG_0985,W01,32,local peak,496,903.9,1065.6,904,1066,212.17,172.33,42.14,214,174,43,105238,85475,20901,211614,1.2312,0.2445,170.86,3.58,#D4AC2A,,
05-IMG_0985,W01,33,local peak,292,986.9,1051.5,987,1052,210.32,171.16,43.51,210,171,44,61412,49979,12704,124095,1.2288,0.2542,168.94,5.22,#D2AB2C,,
05-IMG_0985,W01,34,local peak,287,723.9,742.0,724,742,207.74,168.74,40.89,207,168,39,59622,48429,11734,119785,1.2311,0.2423,167.26,2.9,#D0A929,,
05-IMG_0985,W01,35,local peak,277,1065.6,910.3,1066,910,211.0,170.02,43.09,212,171,45,58448,47096,11936,117480,1.241,0.2534,168.41,4.55,#D3AA2B,,
05-IMG_0985,W01,36,local peak,274,637.8,1069.0,638,1069,208.69,169.69,40.7,209,170,39,57181,46495,11151,114827,1.2298,0.2398,168.09,2.82,#D1AA29,,
05-IMG_0985,W01,37,local peak,272,1046.6,856.8,1047,857,209.75,170.58,43.82,209,170,43,57053,46399,11919,115371,1.2296,0.2569,168.25,3.78,#D2AB2C,,
05-IMG_0985,W01,38,local peak,260,1024.4,1016.5,1024,1017,211.65,171.27,44.78,213,172,46,55030,44531,11643,111204,1.2358,0.2615,169.15,5.34,#D4AB2D,,
05-IMG_0985,W01,39,local peak,242,967.6,822.8,968,823,209.41,170.24,43.01,212,173,46,50678,41199,10408,102285,1.2301,0.2526,168.44,4.32,#D1AA2B,,
05-IMG_0985,W01,40,local peak,237,662.9,805.1,663,805,209.27,168.78,40.64,211,170,42,49597,40002,9631,99230,1.2399,0.2408,167.31,2.7,#D1A929,,
05-IMG_0985,W01,41,local peak,227,1007.0,918.9,1007,919,208.43,169.41,41.87,210,171,42,47313,38455,9505,95273,1.2303,0.2472,167.48,4.38,#D0A92A,,
05-IMG_0985,W01,42,local peak,226,893.9,1021.8,894,1022,208.85,167.87,41.34,208,167,41,47201,37939,9343,94483,1.2441,0.2463,166.79,3.74,#D1A829,,
05-IMG_0985,W01,43,local peak,197,787.5,1000.7,787,1001,213.52,173.64,43.11,214,174,43,42063,34208,8492,84763,1.2296,0.2482,171.96,3.71,#D6AE2B,,
05-IMG_0985,W01,44,local peak,190,1077.0,872.1,1077,872,208.41,169.41,42.04,205,166,39,39598,32188,7988,79774,1.2302,0.2482,167.47,3.43,#D0A92A,,
05-IMG_0985,W01,45,local peak,181,794.3,713.1,794,713,208.17,169.17,41.71,208,169,42,37678,30619,7550,75847,1.2305,0.2466,167.36,3.12,#D0A92A,,
05-IMG_0985,W01,46,local peak,174,779.0,767.6,779,768,210.51,173.51,42.9,214,177,45,36629,30190,7465,74284,1.2133,0.2473,171.22,3.25,#D3AE2B,,
05-IMG_0985,W01,47,local peak,173,988.6,746.9,989,747,209.92,170.92,41.89,209,170,41,36317,29570,7247,73134,1.2282,0.2451,169.53,1.87,#D2AB2A,,
05-IMG_0985,W02,1,broad,36022,1990.9,1049.8,1991,1050,209.58,171.23,40.36,215,176,45,7549652,6168162,1453828,15171642,1.224,0.2357,169.87,1.87,#D2AB28,,
05-IMG_0985,W02,2,broad,201,2037.6,835.0,2038,835,207.84,168.65,41.76,209,170,43,41776,33899,8394,84069,1.2324,0.2476,167.1,2.53,#D0A92A,,
05-IMG_0985,W02,3,broad,166,2193.7,1211.9,2194,1212,207.54,167.2,43.69,206,166,42,34452,27756,7253,69461,1.2412,0.2613,166.02,2.54,#D0A72C,,
05-IMG_0985,W02,4,broad,137,2037.5,813.7,2037,814,206.34,167.26,40.5,208,169,42,28268,22914,5548,56730,1.2337,0.2421,165.84,2.09,#CEA728,,
05-IMG_0985,W02,5,bright core,14033,1985.7,1094.1,1986,1094,211.84,173.89,41.81,210,173,40,2972788,2440200,586692,5999680,1.2183,0.2404,172.12,1.76,#D4AE2A,,
05-IMG_0985,W02,6,bright core,409,1954.2,917.4,1954,917,210.96,172.9,41.5,212,175,43,86282,70717,16973,173972,1.2201,0.24,171.1,1.41,#D3AD29,,
05-IMG_0985,W02,7,bright core,321,2107.9,1183.5,2108,1184,210.83,172.59,41.61,210,173,41,67675,55401,13357,136433,1.2215,0.2411,170.91,1.86,#D3AD2A,,
05-IMG_0985,W02,8,bright core,296,1949.2,943.2,1949,943,212.02,173.02,42.02,211,172,41,62758,51214,12438,126410,1.2254,0.2429,171.45,1.6,#D4AD2A,,
05-IMG_0985,W02,9,bright core,223,1970.0,976.8,1970,978,211.73,172.73,41.73,210,171,40,47215,38518,9305,95038,1.2258,0.2416,170.92,1.62,#D4AD2A,,
05-IMG_0985,W02,10,bright core,160,2008.3,1190.4,2008,1190,210.79,173.24,43.61,209,172,42,33726,27719,6978,68423,1.2167,0.2517,171.33,1.85,#D3AD2C,,
05-IMG_0985,W02,11,bright core,115,1982.2,948.4,1982,948,211.36,172.51,41.2,211,173,40,24306,19839,4738,48883,1.2252,0.2388,170.71,1.85,#D3AD29,,
05-IMG_0985,W02,12,bright core,75,1995.3,1028.7,1995,1029,211.12,172.12,41.28,212,173,42,15834,12909,3096,31839,1.2266,0.2398,170.75,2.1,#D3AC29,,
05-IMG_0985,W02,13,local peak,621,2165.4,1137.3,2165,1137,204.85,163.4,48.66,202,161,45,127210,101471,30217,258898,1.2537,0.2978,162.75,4.83,#CDA331,,
05-IMG_0985,W02,14,local peak,342,2236.5,946.4,2237,946,208.56,166.62,46.65,215,173,52,71329,56983,15954,144266,1.2518,0.28,165.63,6.99,#D1A72F,,
05-IMG_0985,W02,15,local peak,334,2247.5,986.0,2248,986,204.88,162.28,46.62,208,165,50,68429,54200,15572,138201,1.2625,0.2873,161.51,5.04,#CDA22F,,
05-IMG_0985,W02,16,local peak,312,2123.0,1227.5,2123,1228,210.75,170.81,44.72,206,167,40,65754,53292,13953,132999,1.2338,0.2618,169.3,4.14,#D3AB2D,,
05-IMG_0985,W02,17,local peak,253,2200.9,880.4,2201,880,204.77,162.68,44.2,202,160,40,51808,41158,11182,104148,1.2588,0.2717,161.95,4.15,#CDA32C,,
05-IMG_0985,W02,18,local peak,237,2303.4,1135.4,2303,1135,204.27,161.61,46.21,204,162,44,48411,38302,10952,97665,1.2639,0.2859,161.39,4.06,#CCA22E,,
05-IMG_0985,W02,19,local peak,233,2110.2,1156.7,2110,1157,212.3,173.15,44.89,215,176,47,49467,40344,10460,100271,1.2261,0.2593,170.93,4.35,#D4AD2D,,
05-IMG_0985,W02,20,local peak,198,2015.6,954.3,2016,954,208.82,170.14,42.42,210,171,42,41346,33688,8400,83434,1.2273,0.2493,168.13,2.87,#D1AA2A,,
05-IMG_0985,W02,21,local peak,177,2210.6,1183.3,2211,1183,207.64,166.72,44.97,212,170,49,36752,29510,7960,74222,1.2454,0.2697,165.62,3.85,#D0A72D,,
05-IMG_0985,W02,22,local peak,173,2083.7,1024.8,2084,1025,203.91,161.2,45.5,205,162,47,35277,27888,7871,71036,1.265,0.2822,160.76,3.88,#CCA12D,,
05-IMG_0985,W02,23,local peak,171,2184.7,775.2,2185,775,204.08,163.78,42.01,206,166,44,34898,28007,7184,70089,1.246,0.2565,162.54,3.68,#CCA42A,,
05-IMG_0985,W02,24,local peak,168,2085.6,1118.6,2086,1119,211.93,172.67,44.7,213,174,45,35604,29009,7509,72122,1.2273,0.2589,170.03,4.09,#D4AD2D,,
05-IMG_0985,W02,25,local peak,162,2148.3,1207.1,2148,1207,213.21,174.15,45.06,216,177,46,34540,28213,7300,70053,1.2243,0.2587,171.41,4.78,#D5AE2D,,
05-IMG_0985,W02,26,local peak,161,1952.4,858.3,1952,858,210.3,171.24,43.7,213,174,45,33859,27570,7035,68464,1.2281,0.2552,169.53,4.22,#D2AB2C,,
05-IMG_0985,W02,27,local peak,147,2144.3,806.1,2144,806,207.94,168.72,42.4,210,171,44,30567,24802,6233,61602,1.2324,0.2513,167.04,4.17,#D0A92A,,
05-IMG_0985,W02,28,local peak,147,2013.6,808.0,2014,808,207.29,167.1,45.43,206,166,44,30472,24564,6678,61714,1.2405,0.2719,166.02,2.88,#CFA72D,,
05-IMG_0985,W03,1,broad,26671,789.0,1921.8,789,1922,201.57,166.54,38.77,200,165,37,5375995,4441876,1034089,10851960,1.2103,0.2328,164.63,2.42,#CAA727,,
05-IMG_0985,W03,2,broad,4398,754.1,2185.3,754,2185,197.57,164.73,39.27,193,162,37,868927,724473,172728,1766128,1.1994,0.2384,162.3,2.31,#C6A527,,
05-IMG_0985,W03,3,broad,2736,715.1,2113.7,715,2114,198.6,164.83,39.59,198,164,38,543372,450984,108323,1102679,1.2049,0.2402,162.54,2.62,#C7A528,,
05-IMG_0985,W03,4,broad,556,998.4,1899.4,998,1899,202.04,164.74,40.07,205,167,42,112336,91597,22280,226213,1.2264,0.2432,163.31,2.99,#CAA528,,
05-IMG_0985,W03,5,broad,542,1012.2,2081.6,1012,2082,199.01,166.99,40.38,199,169,39,107861,90509,21885,220255,1.1917,0.2418,164.32,3.01,#C7A728,,
05-IMG_0985,W03,6,broad,364,796.4,2242.0,796,2242,195.63,164.34,39.52,196,165,40,71209,59819,14386,145414,1.1904,0.2405,161.38,2.32,#C4A428,,
05-IMG_0985,W03,7,broad,267,1072.7,2117.5,1073,2118,197.9,163.76,41.17,200,166,43,52838,43723,10993,107554,1.2085,0.2514,160.96,2.72,#C6A429,,
05-IMG_0985,W03,8,broad,251,775.1,2102.0,775,2102,197.65,163.65,39.6,196,162,38,49610,41076,9939,100625,1.2078,0.242,160.69,2.8,#C6A428,,
05-IMG_0985,W03,9,broad,245,1043.0,2036.3,1043,2036,197.42,163.05,39.98,198,162,40,48369,39948,9796,98113,1.2108,0.2452,160.92,2.49,#C5A328,,
05-IMG_0985,W03,10,broad,243,1070.9,2020.7,1071,2021,197.84,162.74,39.72,198,162,39,48075,39547,9651,97273,1.2156,0.244,160.86,2.17,#C6A328,,
05-IMG_0985,W03,11,broad,232,993.4,2123.8,993,2124,197.63,163.63,40.12,197,163,39,45850,37962,9309,93121,1.2078,0.2452,161.6,2.88,#C6A428,,
05-IMG_0985,W03,12,broad,196,943.0,2150.4,943,2150,195.5,164.7,40.7,196,167,41,38318,32282,7978,78578,1.187,0.2471,161.72,2.89,#C4A529,,
05-IMG_0985,W03,13,broad,179,769.6,2031.5,770,2032,197.41,163.41,39.91,198,164,40,35337,29251,7144,71732,1.2081,0.2442,160.88,2.77,#C5A328,,
05-IMG_0985,W03,14,broad,154,980.5,1924.6,980,1925,198.93,163.05,40.25,196,160,38,30635,25109,6198,61942,1.2201,0.2468,160.96,3.08,#C7A328,,
05-IMG_0985,W03,15,broad,148,666.9,2102.2,667,2102,197.11,163.11,39.14,197,163,39,29172,24140,5792,59104,1.2085,0.2399,160.82,1.36,#C5A327,,
05-IMG_0985,W03,16,bright core,13091,803.9,1897.6,804,1898,204.42,169.36,40.14,206,171,41,2676123,2217105,525482,5418710,1.207,0.237,167.18,2.46,#CCA928,,
05-IMG_0985,W03,17,bright core,490,730.9,2110.2,731,2110,203.0,169.17,42.75,203,170,41,99469,82891,20947,203307,1.2,0.2527,166.56,3.01,#CBA92B,,
05-IMG_0985,W03,18,bright core,487,790.7,2185.3,791,2185,202.61,168.61,42.62,201,167,41,98669,82115,20757,201541,1.2016,0.2528,166.18,2.74,#CBA92B,,
05-IMG_0985,W03,19,bright core,468,689.3,1988.1,689,1988,202.11,168.07,41.24,201,167,41,94588,78655,19299,192542,1.2026,0.2454,165.61,2.37,#CAA829,,
05-IMG_0985,W03,20,bright core,357,1009.0,2078.7,1009,2079,201.18,169.68,41.41,200,167,38,71822,60574,14782,147178,1.1857,0.244,166.51,3.03,#C9AA29,,
05-IMG_0985,W03,21,bright core,254,717.2,1889.8,717,1890,205.26,169.72,41.66,200,165,37,52135,43110,10581,105826,1.2093,0.2454,167.1,3.39,#CDAA2A,,
05-IMG_0985,W03,22,bright core,197,863.6,1839.0,864,1839,204.84,168.19,42.35,211,173,48,40353,33133,8342,81828,1.2179,0.2518,166.2,2.86,#CDA82A,,
05-IMG_0985,W03,23,bright core,191,704.4,2013.3,704,2013,201.91,167.92,42.27,200,166,40,38564,32072,8074,78710,1.2024,0.2517,165.02,2.29,#CAA82A,,
05-IMG_0985,W03,24,bright core,178,976.2,1890.8,976,1891,205.67,169.0,41.79,209,171,44,36610,30082,7438,74130,1.217,0.2473,167.17,3.66,#CEA92A,,
05-IMG_0985,W03,25,bright core,174,704.2,2187.8,704,2188,198.7,167.7,41.09,201,170,43,34574,29180,7150,70904,1.1849,0.245,164.52,2.25,#C7A829,,
05-IMG_0985,W03,26,bright core,151,741.5,2006.6,742,2007,203.32,168.34,42.38,203,168,42,30702,25420,6400,62522,1.2078,0.2518,165.54,2.61,#CBA82A,,
05-IMG_0985,W03,27,bright core,116,1001.6,1897.6,1002,1898,205.8,167.94,43.08,205,167,42,23873,19481,4997,48351,1.2255,0.2565,165.82,3.04,#CEA82B,,
05-IMG_0985,W03,28,local peak,808,1011.0,2075.1,1011,2075,200.66,168.41,41.61,201,168,39,162133,136075,33618,331826,1.1915,0.2471,165.3,3.75,#C9A82A,,
05-IMG_0985,W03,29,local peak,692,802.9,2174.8,803,2175,200.96,166.96,41.63,201,167,41,139067,115534,28807,283408,1.2037,0.2493,164.51,3.17,#C9A72A,,
05-IMG_0985,W03,30,local peak,558,954.3,2276.9,954,2277,197.56,165.8,42.74,197,166,41,110237,92515,23851,226603,1.1916,0.2578,162.42,4.12,#C6A62B,,
05-IMG_0985,W03,31,local peak,477,892.1,2029.8,892,2030,204.48,167.27,52.09,196,159,44,97538,79790,24845,202173,1.2224,0.3114,165.41,9.56,#CCA734,,
05-IMG_0985,W03,32,local peak,435,1002.1,2133.8,1002,2134,199.54,165.51,42.1,196,162,39,86802,71998,18315,177115,1.2056,0.2544,162.85,3.76,#C8A62A,,
05-IMG_0985,W03,33,local peak,411,946.8,2143.9,947,2144,196.85,164.63,41.4,197,165,42,80905,67664,17017,165586,1.1957,0.2515,161.6,3.69,#C5A529,,
05-IMG_0985,W03,34,local peak,397,681.7,1906.1,682,1906,212.28,177.21,47.75,213,178,48,84274,70353,18957,173584,1.1979,0.2695,172.96,7.82,#D4B130,,
05-IMG_0985,W03,35,local peak,362,1038.0,2035.1,1038,2035,196.64,162.12,39.44,197,163,39,71182,58686,14278,144146,1.2129,0.2433,160.09,3.26,#C5A227,,
05-IMG_0985,W03,36,local peak,358,734.3,2108.7,738,2109,204.18,170.32,44.06,202,168,42,73095,60973,15772,149840,1.1988,0.2587,167.15,3.14,#CCAA2C,,
05-IMG_0985,W03,37,local peak,312,806.4,1839.3,806,1839,208.59,170.59,44.58,213,175,50,65081,53225,13909,132215,1.2228,0.2613,168.7,4.15,#D1AB2D,,
05-IMG_0985,W03,38,local peak,306,974.7,1883.0,975,1883,207.75,171.3,44.8,209,174,48,63571,52419,13708,129698,1.2127,0.2615,168.89,4.23,#D0AB2D,,
05-IMG_0985,W03,39,local peak,268,955.2,2092.8,955,2093,196.35,161.83,40.45,202,167,47,52623,43371,10841,106835,1.2133,0.25,159.64,3.19,#C4A228,,
05-IMG_0985,W03,40,local peak,249,901.0,1843.3,901,1843,205.39,170.53,42.65,209,174,46,51141,42463,10619,104223,1.2044,0.2501,167.98,3.67,#CDAB2B,,
05-IMG_0985,W03,41,local peak,245,935.4,1870.1,935,1870,208.0,173.0,44.89,209,174,46,50959,42384,10998,104341,1.2023,0.2595,169.69,3.55,#D0AD2D,,
05-IMG_0985,W03,42,local peak,243,702.2,2187.8,702,2188,198.28,167.28,41.01,198,167,40,48183,40648,9965,98796,1.1854,0.2452,164.19,2.55,#C6A729,,
05-IMG_0985,W03,43,local peak,224,786.4,2103.1,786,2103,196.55,162.54,39.17,198,164,41,44028,36409,8775,89212,1.2093,0.241,159.84,2.99,#C5A327,,
05-IMG_0985,W04,1,broad,35402,2044.7,1999.3,2045,1999,204.44,170.49,38.8,209,175,41,7237453,6035691,1373629,14646773,1.1991,0.2276,168.12,2.18,#CCAA27,,
05-IMG_0985,W04,2,broad,2019,2232.9,1888.7,2232,1886,200.61,165.2,39.38,199,164,38,405037,333532,79500,818069,1.2144,0.2384,163.22,2.24,#C9A527,,
05-IMG_0985,W04,3,broad,193,2217.6,1897.3,2218,1897,200.53,165.34,39.87,200,165,39,38703,31911,7694,78308,1.2128,0.2411,163.02,2.25,#C9A528,,
05-IMG_0985,W04,4,broad,150,2267.7,1953.8,2268,1954,200.85,165.07,41.72,201,166,40,30127,24761,6258,61146,1.2167,0.2527,162.46,2.7,#C9A52A,,
05-IMG_0985,W04,5,bright core,15711,2038.4,1979.1,2038,1979,207.89,174.55,40.26,203,171,36,3266181,2742418,632535,6641134,1.191,0.2306,171.72,2.05,#D0AF28,,
05-IMG_0985,W04,6,bright core,287,2065.6,2127.0,2066,2127,206.45,173.45,42.1,204,171,40,59250,49779,12084,121113,1.1903,0.2428,170.49,2.1,#CEAD2A,,
05-IMG_0985,W04,7,bright core,215,2139.5,1865.5,2140,1866,209.01,172.01,41.33,209,172,42,44938,36983,8887,90808,1.2151,0.2403,169.83,2.1,#D1AC29,,
05-IMG_0985,W04,8,bright core,69,2058.6,2106.7,2059,2107,206.94,173.94,43.03,209,176,45,14279,12002,2969,29250,1.1897,0.2474,170.2,2.09,#CFAE2B,,
05-IMG_0985,W04,9,local peak,838,2071.7,2134.2,2072,2134,204.64,171.47,41.86,209,176,45,171492,143688,35078,350258,1.1935,0.2441,168.54,3.64,#CDAB2A,,
05-IMG_0985,W04,10,local peak,444,2129.6,2218.2,2130,2218,197.91,163.9,39.76,202,168,44,87870,72772,17655,178297,1.2075,0.2426,161.41,3.52,#C6A428,,
05-IMG_0985,W04,11,local peak,436,1976.6,1952.7,1977,1953,210.64,178.09,44.37,215,183,48,91838,77647,19347,188832,1.1828,0.2492,174.21,3.84,#D3B22C,,
05-IMG_0985,W04,12,local peak,413,2153.9,1980.3,2154,1980,199.27,163.28,44.38,203,168,48,82297,67434,18328,168059,1.2204,0.2718,161.05,5.74,#C7A32C,,
05-IMG_0985,W04,13,local peak,276,2284.9,1894.3,2285,1894,202.78,166.0,40.9,203,168,42,55966,45815,11288,113069,1.2216,0.2464,163.89,3.24,#CBA629,,
05-IMG_0985,W04,14,local peak,273,2139.8,2261.9,2140,2262,195.96,161.05,42.47,205,170,50,53496,43968,11593,109057,1.2167,0.2637,159.0,5.32,#C4A12A,,
05-IMG_0985,W04,15,local peak,265,2192.7,2049.7,2193,2050,193.59,156.64,40.25,192,156,36,51302,41509,10667,103478,1.2359,0.257,155.36,3.74,#C29D28,,
05-IMG_0985,W04,16,local peak,262,2079.2,1876.2,2079,1876,209.91,173.55,42.08,214,177,45,54996,45469,11024,111489,1.2095,0.2425,171.26,3.08,#D2AE2A,,
05-IMG_0985,W04,17,local peak,233,1929.1,2119.3,1929,2119,202.82,169.69,41.09,205,172,43,47257,39537,9575,96369,1.1953,0.2422,166.67,2.53,#CBAA29,,
05-IMG_0985,W04,18,local peak,220,2122.9,2156.5,2123,2157,198.4,163.85,40.35,199,165,41,43647,36047,8877,88571,1.2108,0.2463,161.34,2.95,#C6A428,,
05-IMG_0985,W04,19,local peak,218,2140.5,1857.7,2140,1858,209.21,172.06,41.56,209,172,40,45607,37510,9059,92176,1.2159,0.2415,169.84,2.62,#D1AC2A,,
05-IMG_0985,W04,20,local peak,215,2214.7,1864.9,2215,1865,204.0,169.0,43.0,207,172,46,43860,36335,9245,89440,1.2071,0.2544,166.47,2.97,#CCA92B,,
05-IMG_0985,W04,21,local peak,195,2333.2,2076.4,2333,2076,197.16,161.1,40.68,194,158,38,38447,31414,7933,77794,1.2239,0.2525,158.39,3.32,#C5A129,,
05-IMG_0985,W04,22,local peak,186,2192.4,1909.1,2192,1909,202.23,166.92,41.67,203,167,44,37615,31047,7750,76412,1.2116,0.2496,164.03,3.11,#CAA72A,,
05-IMG_0985,W04,23,local peak,185,2266.8,1954.8,2267,1955,200.6,164.79,41.59,201,166,40,37111,30486,7695,75292,1.2173,0.2524,162.13,2.8,#C9A52A,,
05-IMG_0985,W04,24,local peak,182,2091.7,2039.2,2092,2039,207.79,174.82,41.86,207,174,41,37817,31817,7619,77253,1.1886,0.2395,171.47,2.34,#D0AF2A,,
06-IMG_0984,W01,1,broad,26013,796.3,1107.3,796,1107,209.02,170.18,39.07,215,177,44,5437212,4426808,1016400,10880420,1.2282,0.2296,168.69,1.79,#D1AA27,,
06-IMG_0984,W01,2,broad,3442,1029.4,1105.1,1029,1105,209.16,170.75,38.71,209,171,38,719932,587729,133231,1440892,1.2249,0.2267,169.21,1.92,#D1AB27,,
06-IMG_0984,W01,3,broad,1483,1005.5,784.2,1005,784,208.8,169.93,39.44,209,170,39,309648,252003,58491,620142,1.2287,0.2321,168.52,1.7,#D1AA27,,
06-IMG_0984,W01,4,broad,835,970.2,1156.9,970,1157,208.94,169.97,39.01,209,170,39,174469,141925,32576,348970,1.2293,0.2295,168.59,1.94,#D1AA27,,
06-IMG_0984,W01,5,broad,768,641.2,1023.5,641,1024,208.98,169.91,40.8,208,169,40,160499,130492,31335,322326,1.23,0.2401,168.43,2.25,#D1AA29,,
06-IMG_0984,W01,6,broad,499,706.0,824.2,706,824,208.24,169.22,40.4,207,168,39,103912,84443,20162,208517,1.2306,0.2388,167.74,1.99,#D0A928,,
06-IMG_0984,W01,7,broad,485,938.7,758.1,940,760,208.05,169.4,40.97,208,169,42,100903,82159,19871,202933,1.2281,0.2419,167.79,2.08,#D0A929,,
06-IMG_0984,W01,8,broad,366,788.0,781.3,788,781,208.82,169.54,39.56,210,171,40,76428,62050,14478,152956,1.2317,0.2333,168.24,1.73,#D1AA28,,
06-IMG_0984,W01,9,broad,312,1092.3,1002.6,1092,1003,209.68,170.68,41.04,209,170,41,65421,53253,12803,131477,1.2285,0.2404,169.22,2.27,#D2AB29,,
06-IMG_0984,W01,10,broad,292,900.2,755.8,900,756,208.68,169.62,42.51,209,170,43,60934,49528,12414,122876,1.2303,0.2506,168.09,2.26,#D1AA2B,,
06-IMG_0984,W01,11,broad,279,1070.6,1024.5,1071,1024,209.03,170.03,39.77,208,169,40,58320,47439,11096,116855,1.2294,0.2339,168.1,1.98,#D1AA28,,
06-IMG_0984,W01,12,broad,260,1070.2,1048.8,1070,1049,208.99,170.1,39.43,209,170,39,54337,44226,10252,108815,1.2286,0.2318,168.17,1.95,#D1AA27,,
06-IMG_0984,W01,13,broad,201,714.3,958.9,716,958,208.62,169.46,39.46,207,168,37,41932,34061,7932,83925,1.2311,0.2329,167.74,2.05,#D1A927,,
06-IMG_0984,W01,14,broad,193,639.6,898.9,640,899,208.47,169.22,41.21,210,171,42,40235,32660,7953,80848,1.2319,0.2435,167.84,2.13,#D0A929,,
06-IMG_0984,W01,15,broad,173,1083.7,934.5,1084,935,209.35,170.21,43.03,213,174,47,36217,29447,7445,73109,1.2299,0.2528,168.4,2.43,#D1AA2B,,
06-IMG_0984,W01,16,broad,164,691.8,929.7,692,930,208.15,169.15,39.55,208,169,40,34137,27741,6487,68365,1.2306,0.2338,167.61,2.17,#D0A928,,
06-IMG_0984,W01,17,broad,156,664.1,1068.5,664,1068,208.33,169.33,40.33,210,171,42,32500,26416,6292,65208,1.2303,0.2382,167.41,1.97,#D0A928,,
06-IMG_0984,W01,18,broad,136,1019.2,830.8,1019,831,208.51,169.51,40.75,211,172,43,28358,23054,5542,56954,1.2301,0.2404,167.79,2.15,#D1AA29,,
06-IMG_0984,W01,19,broad,134,659.9,921.7,660,922,207.99,168.99,40.06,208,169,40,27870,22644,5368,55882,1.2308,0.2371,167.3,1.77,#D0A928,,
06-IMG_0984,W01,20,bright core,2111,761.1,1104.4,758,1104,210.57,171.74,40.42,209,170,39,444523,362535,85330,892388,1.2262,0.2354,170.05,1.94,#D3AC28,,
06-IMG_0984,W01,21,bright core,2063,873.0,1115.8,873,1116,210.86,172.42,40.45,209,171,38,435011,355712,83444,874167,1.2229,0.2346,170.75,1.9,#D3AC28,,
06-IMG_0984,W01,22,bright core,1827,1028.1,1111.6,1028,1112,210.65,172.62,40.18,209,171,38,384865,315371,73410,773646,1.2204,0.2328,170.78,2.08,#D3AD28,,
06-IMG_0984,W01,23,bright core,1801,796.4,1151.9,797,1152,210.58,171.9,40.27,211,173,40,379262,309593,72524,761379,1.225,0.2343,170.09,1.88,#D3AC28,,
06-IMG_0984,W01,24,bright core,807,843.8,1179.4,844,1179,211.68,173.06,41.36,217,178,47,170826,139663,33374,343863,1.2231,0.239,171.34,2.45,#D4AD29,,
06-IMG_0984,W01,25,bright core,589,692.5,1000.0,693,1000,210.39,171.39,40.79,210,171,40,123920,100949,24028,248897,1.2276,0.238,169.75,2.02,#D2AB29,,
06-IMG_0984,W01,26,bright core,556,899.0,1175.1,899,1175,210.09,171.14,40.23,209,170,41,116812,95155,22369,234336,1.2276,0.2351,169.58,1.73,#D2AB28,,
06-IMG_0984,W01,27,bright core,513,958.0,1149.7,961,1149,210.95,171.85,40.87,208,169,38,108216,88158,20964,217338,1.2275,0.2378,170.06,2.13,#D3AC29,,
06-IMG_0984,W01,28,bright core,349,1013.2,793.3,1013,793,209.79,171.11,40.83,210,173,41,73216,59716,14251,147183,1.2261,0.2386,169.53,1.62,#D2AB29,,
06-IMG_0984,W01,29,bright core,335,814.0,1047.0,814,1047,210.93,172.47,40.47,211,173,40,70662,57776,13557,141995,1.223,0.2346,170.36,2.33,#D3AC28,,
06-IMG_0984,W01,30,bright core,335,820.1,1146.9,820,1147,210.56,171.94,40.52,210,171,40,70539,57600,13573,141712,1.2246,0.2356,170.03,1.99,#D3AC29,,
06-IMG_0984,W01,31,bright core,277,730.7,1089.4,731,1089,210.46,171.46,40.46,210,171,40,58297,47494,11207,116998,1.2275,0.236,169.8,1.65,#D2AB28,,
06-IMG_0984,W01,32,local peak,842,909.9,1075.6,910,1076,211.09,172.02,44.73,213,175,48,177741,144840,37662,360243,1.2272,0.26,170.5,4.23,#D3AC2D,,
06-IMG_0984,W01,33,local peak,376,995.0,1071.3,995,1071,211.88,170.78,44.91,215,174,46,79665,64212,16887,160764,1.2407,0.263,169.08,6.19,#D4AB2D,,
06-IMG_0984,W01,34,local peak,358,803.7,1019.6,804,1020,211.97,172.9,42.11,210,171,40,75885,61897,15075,152857,1.226,0.2435,170.99,4.13,#D4AD2A,,
06-IMG_0984,W01,35,local peak,306,622.9,1040.4,623,1040,209.34,169.83,40.42,207,168,39,64057,51968,12370,128395,1.2326,0.238,168.33,2.9,#D1AA28,,
06-IMG_0984,W01,36,local peak,249,1011.5,932.6,1012,933,210.01,169.0,42.14,210,169,41,52293,42081,10494,104868,1.2427,0.2494,167.61,4.55,#D2A92A,,
06-IMG_0984,W01,37,local peak,245,789.3,732.9,789,733,209.62,168.89,42.6,210,169,41,51356,41379,10437,103172,1.2411,0.2522,167.5,4.33,#D2A92B,,
06-IMG_0984,W01,38,local peak,245,1054.9,879.4,1055,879,208.42,169.39,40.52,205,166,35,51064,41501,9928,102493,1.2304,0.2392,167.55,3.32,#D0A929,,
06-IMG_0984,W01,39,local peak,221,1029.0,793.4,1029,793,208.72,169.79,40.01,208,169,38,46127,37524,8843,92494,1.2293,0.2357,168.32,1.69,#D1AA28,,
06-IMG_0984,W01,40,local peak,208,1094.4,1000.0,1094,1000,210.56,171.56,41.89,211,172,43,43796,35684,8714,88194,1.2273,0.2442,169.93,2.23,#D3AC2A,,
06-IMG_0984,W01,41,local peak,202,995.8,765.8,996,766,209.54,170.54,39.67,207,168,37,42328,34450,8014,84792,1.2287,0.2326,169.09,1.57,#D2AB28,,
06-IMG_0984,W01,42,local peak,201,976.8,843.4,977,843,209.03,170.19,42.86,211,172,43,42015,34208,8615,84838,1.2282,0.2518,168.14,4.5,#D1AA2B,,
06-IMG_0984,W01,43,local peak,200,633.4,871.5,633,872,208.54,169.2,41.87,206,167,40,41708,33840,8373,83921,1.2325,0.2474,167.38,2.96,#D1A92A,,
06-IMG_0984,W01,44,local peak,200,956.1,1137.7,956,1138,211.85,172.81,42.43,212,173,42,42370,34562,8486,85418,1.2259,0.2455,170.93,3.56,#D4AD2A,,
06-IMG_0984,W01,45,local peak,196,1055.3,1093.1,1055,1093,211.57,174.33,41.57,212,175,42,41467,34169,8147,83783,1.2136,0.2384,172.17,1.85,#D4AE2A,,
06-IMG_0984,W01,46,local peak,172,795.9,844.8,796,845,210.1,169.22,41.55,216,175,47,36138,29106,7146,72390,1.2416,0.2455,167.81,3.47,#D2A92A,,
06-IMG_0984,W01,47,local peak,171,844.2,1175.2,844,1175,215.15,176.8,44.62,218,180,47,36790,30232,7630,74652,1.2169,0.2524,174.76,2.6,#D7B12D,,
06-IMG_0984,W02,1,broad,34377,1996.8,1082.9,1997,1083,209.8,171.22,40.46,213,175,42,7212289,5885947,1390895,14489131,1.2253,0.2363,169.94,1.9,#D2AB28,,
06-IMG_0984,W02,2,broad,757,2021.5,899.4,2021,899,206.82,167.67,40.69,204,165,38,156562,126928,30804,314294,1.2335,0.2427,166.22,2.18,#CFA829,,
06-IMG_0984,W02,3,broad,585,2020.8,864.5,2022,863,206.15,167.15,38.58,204,165,36,120598,97783,22570,240951,1.2333,0.2308,165.67,1.71,#CEA727,,
06-IMG_0984,W02,4,broad,478,2195.5,1228.8,2196,1229,207.14,167.12,45.36,207,167,45,99013,79885,21680,200578,1.2394,0.2714,166.05,2.06,#CFA72D,,
06-IMG_0984,W02,5,broad,405,2044.4,865.9,2044,866,207.16,168.15,39.73,206,167,40,83898,68099,16092,168089,1.232,0.2363,166.66,2.18,#CFA828,,
06-IMG_0984,W02,6,broad,198,2059.5,835.5,2059,835,206.84,166.78,40.31,204,165,38,40955,33023,7982,81960,1.2402,0.2417,165.46,1.72,#CFA728,,
06-IMG_0984,W02,7,bright core,12659,1981.8,1103.8,1982,1104,211.99,173.84,41.97,213,175,40,2683553,2200703,531275,5415531,1.2194,0.2414,172.15,1.78,#D4AE2A,,
06-IMG_0984,W02,8,bright core,1457,2088.0,1190.8,2088,1191,212.15,173.33,42.51,213,174,43,309107,252536,61933,623576,1.224,0.2452,171.8,1.97,#D4AD2B,,
06-IMG_0984,W02,9,bright core,242,1961.3,957.0,1961,957,212.48,173.48,42.48,210,171,40,51421,41983,10281,103685,1.2248,0.2449,171.78,1.92,#D4AD2A,,
06-IMG_0984,W02,10,bright core,222,1937.3,966.6,1937,967,211.47,172.47,41.47,212,173,42,46947,38289,9207,94443,1.2261,0.2405,170.93,1.91,#D3AC29,,
06-IMG_0984,W02,11,bright core,207,1965.2,936.3,1965,936,212.81,173.81,42.81,216,177,46,44051,35978,8861,88890,1.2244,0.2463,172.13,2.0,#D5AE2B,,
06-IMG_0984,W02,12,bright core,173,1943.7,938.4,1944,938,211.96,172.96,41.96,209,170,39,36669,29922,7259,73850,1.2255,0.2426,171.21,1.82,#D4AD2A,,
06-IMG_0984,W02,13,bright core,136,1986.0,955.3,1986,955,211.27,172.36,41.39,212,173,42,28733,23441,5629,57803,1.2258,0.2401,170.86,1.58,#D3AC29,,
06-IMG_0984,W02,14,bright core,131,1924.1,1028.1,1924,1028,211.55,172.55,41.55,214,175,44,27713,22604,5443,55760,1.226,0.2408,170.72,1.16,#D4AD2A,,
06-IMG_0984,W02,15,bright core,97,2125.8,1204.5,2126,1204,212.58,173.56,45.24,210,171,42,20620,16835,4388,41843,1.2248,0.2606,171.34,2.39,#D5AE2D,,
06-IMG_0984,W02,16,bright core,92,1924.3,938.8,1924,939,211.91,172.91,43.89,211,172,43,19496,15908,4038,39442,1.2255,0.2538,171.57,2.44,#D4AD2C,,
06-IMG_0984,W02,17,bright core,84,2081.2,1233.0,2081,1233,212.06,172.18,47.82,212,172,48,17813,14463,4017,36293,1.2316,0.2777,170.97,2.24,#D4AC30,,
06-IMG_0984,W02,18,bright core,60,1917.5,956.9,1918,957,212.95,174.02,43.52,214,175,44,12777,10441,2611,25829,1.2237,0.2501,171.5,2.35,#D5AE2C,,
06-IMG_0984,W02,19,local peak,829,2222.4,1213.8,2223,1219,207.62,166.73,45.44,212,172,48,172118,138219,37669,348006,1.2453,0.2725,165.73,4.27,#D0A72D,,
06-IMG_0984,W02,20,local peak,571,2171.2,1165.1,2171,1165,206.77,165.29,43.98,208,166,45,118065,94378,25111,237554,1.251,0.2661,164.33,5.2,#CFA52C,,
06-IMG_0984,W02,21,local peak,379,2244.4,966.0,2244,966,205.93,163.92,43.3,211,169,48,78046,62125,16412,156583,1.2563,0.2642,163.35,5.13,#CEA42B,,
06-IMG_0984,W02,22,local peak,348,2049.2,907.9,2051,909,207.66,167.81,44.16,206,166,42,72264,58397,15367,146028,1.2375,0.2631,166.4,3.74,#D0A82C,,
06-IMG_0984,W02,23,local peak,341,2171.3,1218.3,2171,1218,210.68,170.65,48.84,216,176,54,71841,58191,16654,146686,1.2346,0.2862,169.16,4.42,#D3AB31,,
06-IMG_0984,W02,24,local peak,262,2268.5,1150.4,2269,1150,204.58,161.58,48.06,199,156,41,53600,42335,12593,108528,1.2661,0.2975,161.13,5.33,#CDA230,,
06-IMG_0984,W02,25,local peak,255,2196.1,794.0,2196,794,203.74,163.91,37.75,205,166,39,51954,41797,9627,103378,1.243,0.2303,162.55,3.3,#CCA426,,
06-IMG_0984,W02,26,local peak,224,2195.2,1250.2,2195,1250,207.27,166.88,46.95,207,167,46,46428,37381,10516,94325,1.242,0.2813,166.04,3.28,#CFA72F,,
06-IMG_0984,W02,27,local peak,196,2280.0,1179.2,2280,1179,205.44,163.05,45.57,205,162,47,40266,31957,8932,81155,1.26,0.2795,162.33,4.25,#CDA32E,,
06-IMG_0984,W02,28,local peak,195,2112.4,1178.5,2112,1179,213.06,174.08,43.93,213,174,43,41547,33946,8567,84060,1.2239,0.2524,172.0,3.32,#D5AE2C,,
06-IMG_0984,W02,29,local peak,191,2243.6,1189.1,2244,1189,205.59,163.32,46.1,200,158,40,39268,31194,8805,79267,1.2588,0.2823,162.47,5.16,#CEA32E,,
06-IMG_0984,W02,30,local peak,155,2136.1,1000.3,2135,1000,203.44,161.03,43.68,200,158,40,31533,24960,6770,63263,1.2633,0.2712,160.09,3.39,#CBA12C,,
06-IMG_0984,W02,31,local peak,146,2154.0,1088.7,2154,1089,205.39,162.62,47.05,207,165,47,29987,23742,6870,60599,1.263,0.2894,161.65,3.88,#CDA32F,,
06-IMG_0984,W02,32,local peak,142,2302.2,1189.6,2302,1190,204.77,162.77,43.8,207,165,45,29078,23114,6220,58412,1.258,0.2691,161.55,3.42,#CDA32C,,
06-IMG_0984,W02,33,local peak,140,2250.5,994.4,2250,994,204.15,162.11,42.16,205,163,42,28581,22695,5902,57178,1.2594,0.2601,161.21,3.83,#CCA22A,,
06-IMG_0984,W02,34,local peak,133,2134.3,1211.0,2134,1211,212.74,173.32,47.6,211,171,47,28295,23052,6331,57678,1.2274,0.2746,171.45,3.75,#D5AD30,,
06-IMG_0984,W03,1,broad,26854,809.3,1931.0,809,1931,201.05,165.93,38.38,194,159,31,5398998,4455957,1030636,10885591,1.2116,0.2313,164.03,2.6,#C9A626,,
06-IMG_0984,W03,2,broad,2793,768.5,2195.2,770,2197,197.2,163.2,38.84,193,159,35,550769,455831,108474,1115074,1.2083,0.238,161.11,2.22,#C5A327,,
06-IMG_0984,W03,3,broad,1764,746.1,2116.2,746,2116,198.09,164.15,38.81,194,160,34,349434,289554,68466,707454,1.2068,0.2365,162.08,2.59,#C6A427,,
06-IMG_0984,W03,4,broad,793,1068.5,2047.5,1068,2047,198.82,163.46,40.0,196,160,37,157667,129623,31719,319009,1.2164,0.2447,161.62,2.76,#C7A328,,
06-IMG_0984,W03,5,broad,691,1014.7,2096.7,1015,2097,200.47,166.75,40.44,204,171,42,138528,115227,27944,281699,1.2022,0.2425,164.47,3.23,#C8A728,,
06-IMG_0984,W03,6,broad,639,710.0,2210.4,710,2210,197.61,163.61,39.63,201,167,41,126273,104547,25322,256142,1.2078,0.2422,161.47,2.64,#C6A428,,
06-IMG_0984,W03,7,broad,446,692.1,2121.2,692,2121,196.03,162.03,38.13,197,163,39,87429,72265,17007,176701,1.2098,0.2353,159.96,1.74,#C4A226,,
06-IMG_0984,W03,8,broad,392,996.0,1950.2,996,1950,197.06,161.3,38.38,196,160,37,77249,63231,15045,155525,1.2217,0.2379,159.62,2.17,#C5A126,,
06-IMG_0984,W03,9,broad,367,1079.3,2130.9,1079,2131,196.27,162.17,39.33,195,161,38,72032,59518,14433,145983,1.2103,0.2425,159.93,2.5,#C4A227,,
06-IMG_0984,W03,10,broad,361,712.5,2149.4,713,2149,197.22,163.22,38.98,196,162,38,71197,58923,14071,144191,1.2083,0.2388,160.82,2.65,#C5A327,,
06-IMG_0984,W03,11,broad,347,960.2,2292.6,960,2293,195.1,163.18,40.14,193,161,38,67699,56625,13930,138254,1.1956,0.246,160.57,3.11,#C3A328,,
06-IMG_0984,W03,12,broad,338,957.2,2168.7,957,2169,197.12,163.11,39.66,198,164,40,66628,55131,13405,135164,1.2085,0.2431,160.93,3.0,#C5A328,,
06-IMG_0984,W03,13,broad,301,736.8,2158.2,737,2158,197.38,163.38,39.09,197,163,37,59412,49178,11766,120356,1.2081,0.2393,161.04,2.6,#C5A327,,
06-IMG_0984,W03,14,broad,272,881.6,2214.5,882,2214,196.09,162.34,39.03,194,160,37,53336,44156,10616,108108,1.2079,0.2404,160.09,2.88,#C4A227,,
06-IMG_0984,W03,15,broad,257,695.7,2093.6,696,2095,196.93,162.93,38.88,193,159,35,50610,41872,9992,102474,1.2087,0.2386,160.21,2.49,#C5A327,,
06-IMG_0984,W03,16,broad,163,1004.5,2146.4,1005,2146,200.23,166.32,41.29,204,170,44,32637,27110,6730,66477,1.2039,0.2482,163.99,3.29,#C8A629,,
06-IMG_0984,W03,17,bright core,13851,804.4,1921.2,807,1917,203.83,168.75,39.93,200,165,35,2823228,2337414,553107,5713749,1.2078,0.2366,166.55,2.51,#CCA928,,
06-IMG_0984,W03,18,bright core,465,1018.1,2093.9,1018,2094,203.34,169.81,42.51,202,168,42,94555,78962,19769,193286,1.1975,0.2504,167.14,3.27,#CBAA2B,,
06-IMG_0984,W03,19,bright core,384,983.8,1904.0,984,1904,204.88,169.73,41.54,210,175,47,78674,65177,15952,159803,1.2071,0.2447,167.69,3.44,#CDAA2A,,
06-IMG_0984,W03,20,bright core,364,802.4,2196.9,802,2197,201.51,167.57,41.98,200,166,40,73348,60996,15280,149624,1.2025,0.2505,165.2,2.65,#CAA82A,,
06-IMG_0984,W03,21,bright core,230,756.7,2118.6,757,2119,201.65,167.92,41.11,199,165,39,46380,38622,9456,94458,1.2009,0.2448,165.07,2.71,#CAA829,,
06-IMG_0984,W03,22,bright core,186,737.8,2129.3,738,2130,201.62,167.91,41.47,199,165,39,37502,31232,7714,76448,1.2008,0.247,165.29,3.09,#CAA829,,
06-IMG_0984,W03,23,bright core,173,740.4,2023.9,740,2024,204.53,169.59,41.86,205,170,42,35383,29339,7241,71963,1.206,0.2468,167.0,3.77,#CDAA2A,,
06-IMG_0984,W03,24,bright core,165,1009.9,1919.2,1010,1919,203.92,167.77,41.18,212,174,47,33647,27682,6794,68123,1.2155,0.2454,165.28,3.1,#CCA829,,
06-IMG_0984,W03,25,bright core,123,714.5,1915.9,715,1916,204.24,169.24,41.24,202,167,39,25122,20817,5073,51012,1.2068,0.2437,166.78,3.61,#CCA929,,
06-IMG_0984,W03,26,bright core,119,1079.9,2041.1,1080,2041,203.34,168.02,42.97,202,166,43,24197,19994,5114,49305,1.2102,0.2558,165.04,2.54,#CBA82B,,
06-IMG_0984,W03,27,bright core,106,1005.6,2149.2,1006,2149,202.06,168.23,42.38,199,165,39,21418,17832,4492,43742,1.2011,0.2519,165.39,3.22,#CAA82A,,
06-IMG_0984,W03,28,bright core,99,830.0,1960.9,830,1961,202.19,167.19,39.27,204,169,41,20017,16552,3888,40457,1.2093,0.2349,164.13,1.9,#CAA727,,
06-IMG_0984,W03,29,local peak,1244,1024.4,2085.2,1024,2085,201.04,166.88,41.48,202,168,42,250092,207593,51597,509282,1.2047,0.2485,164.34,4.0,#C9A729,,
06-IMG_0984,W03,30,local peak,592,1007.7,2153.6,1008,2154,200.41,166.44,41.78,198,165,36,118640,98532,24736,241908,1.2041,0.251,163.85,4.65,#C8A62A,,
06-IMG_0984,W03,31,local peak,583,807.9,2192.7,808,2193,200.46,166.51,41.39,198,165,36,116871,97077,24128,238076,1.2039,0.2485,164.03,2.9,#C8A729,,
06-IMG_0984,W03,32,local peak,578,1074.5,2038.8,1074,2039,199.72,164.24,40.08,205,170,44,115436,94931,23168,233535,1.216,0.2441,162.37,3.28,#C8A428,,
06-IMG_0984,W03,33,local peak,507,693.9,1921.9,694,1922,209.5,174.58,46.49,209,174,48,106215,88511,23570,218296,1.2,0.2663,171.16,6.84,#D1AF2E,,
06-IMG_0984,W03,34,local peak,450,982.7,1898.9,983,1899,206.0,170.46,42.33,205,170,42,92698,76708,19050,188456,1.2085,0.2483,168.1,3.77,#CEAA2A,,
06-IMG_0984,W03,35,local peak,444,961.5,2295.8,962,2296,196.05,163.92,41.26,198,166,43,87048,72782,18319,178149,1.196,0.2517,161.0,3.7,#C4A429,,
06-IMG_0984,W03,36,local peak,394,955.1,2166.7,955,2167,197.28,163.22,39.96,197,163,40,77730,64310,15744,157784,1.2087,0.2448,160.79,3.23,#C5A328,,
06-IMG_0984,W03,37,local peak,278,906.0,1860.2,906,1860,204.32,169.28,42.57,200,165,37,56801,47059,11835,115695,1.207,0.2515,166.78,3.43,#CCA92B,,
06-IMG_0984,W03,38,local peak,267,905.8,2054.0,906,2054,208.36,172.13,47.37,224,185,54,55633,45960,12647,114240,1.2105,0.2752,168.6,11.85,#D0AC2F,,
06-IMG_0984,W03,39,local peak,234,759.0,2117.9,759,2118,201.52,167.75,41.08,200,166,40,47155,39253,9613,96021,1.2013,0.2449,164.92,2.76,#CAA829,,
06-IMG_0984,W03,40,local peak,224,882.6,2056.1,883,2056,195.43,160.36,38.63,193,159,36,43777,35921,8653,88351,1.2187,0.2409,157.98,3.25,#C3A027,,
06-IMG_0984,W03,41,local peak,220,948.0,2062.2,948,2062,200.56,164.65,45.66,214,177,60,44123,36222,10046,90391,1.2181,0.2773,161.44,7.16,#C9A52E,,
06-IMG_0984,W03,42,local peak,213,740.5,2024.3,741,2024,204.93,169.98,42.42,204,169,41,43651,36206,9036,88893,1.2056,0.2496,167.14,3.94,#CDAA2A,,
06-IMG_0984,W03,43,local peak,197,786.1,1966.3,786,1966,207.35,172.35,42.96,205,170,42,40847,33952,8464,83263,1.2031,0.2493,169.58,3.62,#CFAC2B,,
06-IMG_0984,W03,44,local peak,185,1054.5,2222.6,1055,2223,195.35,161.28,38.4,195,161,37,36140,29837,7104,73081,1.2112,0.2381,159.1,2.33,#C3A126,,
06-IMG_0984,W04,1,broad,36039,2052.9,2013.6,2053,2014,204.18,170.26,39.57,204,172,37,7358525,6135893,1426156,14920574,1.1993,0.2324,167.93,2.23,#CCAA28,,
06-IMG_0984,W04,2,broad,1053,2271.0,1917.6,2271,1918,201.77,163.89,39.28,202,164,39,212461,172574,41363,426398,1.2311,0.2397,162.54,1.74,#CAA427,,
06-IMG_0984,W04,3,broad,528,2168.8,1913.7,2170,1913,201.24,164.88,41.64,198,162,40,106256,87059,21987,215302,1.2205,0.2526,162.9,2.5,#C9A52A,,
06-IMG_0984,W04,4,broad,318,2301.9,1992.0,2302,1992,200.75,164.79,41.69,202,166,43,63840,52403,13256,129499,1.2183,0.253,162.46,2.55,#C9A52A,,
06-IMG_0984,W04,5,broad,300,2127.4,2021.9,2125,2020,199.82,165.71,38.19,195,162,33,59945,49714,11457,121116,1.2058,0.2305,163.02,2.65,#C8A626,,
06-IMG_0984,W04,6,bright core,16093,2049.3,1992.4,2049,1992,207.75,174.11,40.94,206,172,38,3343372,2801996,658806,6804174,1.1932,0.2351,171.43,2.05,#D0AE29,,
06-IMG_0984,W04,7,bright core,109,2121.1,1902.1,2121,1902,208.45,173.45,44.59,208,173,43,22721,18906,4860,46487,1.2018,0.2571,170.1,2.72,#D0AD2D,,
06-IMG_0984,W04,8,bright core,97,2065.4,2142.0,2065,2142,205.87,174.81,43.12,207,177,45,19969,16957,4183,41109,1.1776,0.2467,171.18,2.69,#CEAF2B,,
06-IMG_0984,W04,9,local peak,693,2085.4,2150.7,2085,2151,203.38,172.46,43.26,196,166,36,140940,119516,29976,290432,1.1793,0.2508,168.44,3.48,#CBAC2B,,
06-IMG_0984,W04,10,local peak,460,2208.0,1880.5,2208,1881,205.61,168.5,43.35,200,165,39,94581,77511,19941,192033,1.2202,0.2573,166.41,2.99,#CEA92B,,
06-IMG_0984,W04,11,local peak,294,1975.6,1978.6,1975,1979,211.71,177.47,45.53,208,175,42,62244,52177,13386,127807,1.1929,0.2565,173.99,4.47,#D4B12E,,
06-IMG_0984,W04,12,local peak,271,2217.4,2215.5,2217,2215,194.68,159.64,40.87,192,157,39,52757,43262,11075,107094,1.2195,0.256,157.41,3.6,#C3A029,,
06-IMG_0984,W04,13,local peak,232,2078.0,1893.8,2078,1894,209.06,174.28,43.4,206,171,41,48502,40432,10068,99002,1.1996,0.249,171.59,3.78,#D1AE2B,,
06-IMG_0984,W04,14,local peak,228,2207.6,1932.5,2207,1932,205.39,166.93,44.81,199,160,39,46828,38059,10217,95104,1.2304,0.2685,164.54,4.25,#CDA72D,,
06-IMG_0984,W04,15,local peak,219,2128.5,2090.8,2128,2091,200.55,166.55,42.35,196,162,36,43921,36474,9275,89670,1.2042,0.2543,163.35,4.52,#C9A72A,,
06-IMG_0984,W04,16,local peak,214,2261.0,1943.7,2261,1944,203.05,166.86,42.24,207,172,46,43452,35707,9039,88198,1.2169,0.2531,164.41,3.48,#CBA72A,,
06-IMG_0984,W04,17,local peak,205,2264.3,2227.1,2264,2227,192.61,157.61,39.08,190,155,35,39486,32311,8011,79808,1.2221,0.2479,155.64,2.89,#C19E27,,
06-IMG_0984,W04,18,local peak,205,2149.1,2275.2,2149,2275,198.25,163.25,44.02,209,174,54,40641,33466,9024,83131,1.2144,0.2696,160.81,5.81,#C6A32C,,
06-IMG_0984,W04,19,local peak,195,2140.6,2241.5,2141,2242,197.16,163.01,39.65,202,168,42,38447,31787,7731,77965,1.2095,0.2432,160.45,2.88,#C5A328,,
06-IMG_0984,W04,20,local peak,183,2085.7,2246.8,2086,2247,196.58,161.58,42.31,200,165,45,35974,29569,7743,73286,1.2166,0.2619,159.22,4.51,#C5A22A,,
06-IMG_0984,W04,21,local peak,176,1992.8,2274.4,1993,2274,194.38,159.54,39.03,199,164,44,34210,28079,6870,69159,1.2183,0.2447,157.26,3.48,#C2A027,,
06-IMG_0984,W04,22,local peak,170,2119.6,2063.8,2120,2064,204.83,171.75,41.98,205,172,41,34821,29197,7137,71155,1.1926,0.2444,168.42,3.9,#CDAC2A,,
06-IMG_0984,W04,23,local peak,161,2250.0,1886.6,2250,1887,202.63,164.63,39.63,203,165,40,32623,26505,6380,65508,1.2308,0.2407,163.55,1.79,#CBA528,,
06-IMG_0984,W04,24,local peak,159,2119.5,1879.7,2120,1880,209.97,174.95,47.56,213,178,50,33385,27817,7562,68764,1.2002,0.2718,171.94,4.38,#D2AF30,,
07-IMG_0983,W01,1,broad,35195,867.0,1193.1,867,1193,220.71,158.94,6.48,222,158,8,7767801,5593961,227986,13589748,1.3886,0.0408,160.95,1.76,#DD9F06,,
07-IMG_0983,W01,2,broad,1144,1066.9,1116.9,1067,1117,220.67,158.93,9.31,220,159,8,252448,181816,10653,444917,1.3885,0.0586,161.04,2.33,#DD9F09,,
07-IMG_0983,W01,3,broad,511,635.3,1053.1,635,1053,217.41,157.33,7.27,216,156,6,111097,80394,3717,195208,1.3819,0.0462,158.93,2.26,#D99D07,,
07-IMG_0983,W01,4,broad,507,630.2,1012.7,630,1013,218.69,157.61,7.85,219,158,8,110874,79906,3978,194758,1.3876,0.0498,159.43,2.39,#DB9E08,,
07-IMG_0983,W01,5,broad,278,1071.6,1069.8,1072,1070,218.51,157.28,7.8,217,156,6,60747,43723,2169,106639,1.3894,0.0496,158.89,2.18,#DB9D08,,
07-IMG_0983,W01,6,broad,159,678.1,967.5,678,967,217.98,157.98,8.6,218,158,8,34659,25119,1367,61145,1.3798,0.0544,159.39,2.75,#DA9E09,,
07-IMG_0983,W01,7,broad,155,849.8,1112.6,850,1113,221.48,157.48,8.05,224,160,10,34329,24409,1247,59985,1.4064,0.0511,159.72,2.59,#DD9D08,,
07-IMG_0983,W01,8,broad,145,638.4,978.1,638,978,218.68,157.59,7.68,218,157,6,31708,22851,1113,55672,1.3876,0.0487,159.01,2.39,#DB9E08,,
07-IMG_0983,W01,9,bright core,8546,749.2,1215.6,749,1216,222.42,162.17,7.16,221,160,7,1900818,1385870,61165,3347853,1.3716,0.0441,163.62,1.83,#DEA207,,
07-IMG_0983,W01,10,bright core,1283,928.5,1228.1,928,1228,222.55,161.1,8.53,223,162,9,285526,206689,10938,503153,1.3814,0.0529,162.91,2.07,#DFA109,,
07-IMG_0983,W01,11,bright core,958,878.9,1183.8,879,1184,223.9,160.63,8.09,223,159,9,214497,153883,7747,376127,1.3939,0.0503,162.82,1.98,#E0A108,,
07-IMG_0983,W01,12,bright core,885,933.0,1083.9,934,1083,222.73,160.19,9.62,225,161,11,197120,141767,8514,347401,1.3905,0.0601,162.18,1.87,#DFA00A,,
07-IMG_0983,W01,13,bright core,807,868.3,1268.7,868,1269,222.93,162.14,8.65,225,165,9,179905,130844,6979,317728,1.375,0.0533,163.74,2.3,#DFA209,,
07-IMG_0983,W01,14,bright core,783,654.2,1091.4,654,1091,222.17,162.61,8.25,221,161,5,173962,127327,6458,307747,1.3663,0.0507,163.8,2.46,#DEA308,,
07-IMG_0983,W01,15,bright core,760,1001.1,1094.4,1001,1094,223.88,160.73,8.17,228,165,12,170146,122156,6207,298509,1.3929,0.0508,162.91,2.1,#E0A108,,
07-IMG_0983,W01,16,bright core,614,1068.5,1126.7,1068,1127,223.33,160.77,10.84,222,158,8,137126,98711,6656,242493,1.3892,0.0674,162.94,2.36,#DFA10B,,
07-IMG_0983,W01,17,bright core,519,1031.4,1204.8,1031,1205,221.72,160.39,7.57,222,161,8,115075,83245,3931,202251,1.3824,0.0472,162.2,1.86,#DEA008,,
07-IMG_0983,W01,18,bright core,460,974.8,1146.5,975,1147,223.31,159.37,9.2,224,160,10,102724,73309,4234,180267,1.4012,0.0578,161.8,1.41,#DF9F09,,
07-IMG_0983,W01,19,bright core,190,989.8,1247.0,990,1247,221.46,159.41,7.72,223,159,9,42077,30287,1467,73831,1.3893,0.0484,161.43,1.49,#DD9F08,,
07-IMG_0983,W01,20,bright core,135,932.7,1258.7,933,1259,223.79,160.7,7.99,225,162,9,30212,21694,1078,52984,1.3926,0.0497,162.46,2.35,#E0A108,,
07-IMG_0983,W01,21,local peak,909,734.2,878.3,734,878,217.14,155.16,9.55,216,154,9,197380,141038,8677,347095,1.3995,0.0615,157.23,3.19,#D99B0A,,
07-IMG_0983,W01,22,local peak,850,1071.0,1132.5,1071,1133,221.9,159.64,9.81,222,161,10,188613,135694,8340,332647,1.39,0.0615,161.79,2.72,#DEA00A,,
07-IMG_0983,W01,23,local peak,841,834.3,834.2,834,834,219.08,158.96,18.48,239,177,54,184248,133688,15544,333480,1.3782,0.1163,160.73,7.77,#DB9F12,,
07-IMG_0983,W01,24,local peak,666,1039.7,1201.6,1040,1202,219.94,159.04,6.96,221,160,7,146479,105918,4638,257035,1.3829,0.0438,160.77,2.06,#DC9F07,,
07-IMG_0983,W01,25,local peak,618,651.3,1090.3,651,1090,222.96,163.47,9.08,224,164,8,137789,101023,5611,244423,1.3639,0.0555,164.32,2.64,#DFA309,,
07-IMG_0983,W01,26,local peak,487,686.5,975.3,686,975,219.54,158.69,10.98,221,161,11,106916,77280,5348,189544,1.3835,0.0692,160.01,4.05,#DC9F0B,,
07-IMG_0983,W01,27,local peak,424,910.4,839.8,910,840,220.04,158.69,18.37,225,164,22,93295,67286,7789,168370,1.3865,0.1158,160.56,6.24,#DC9F12,,
07-IMG_0983,W01,28,local peak,326,691.4,1127.3,691,1127,223.29,163.84,8.05,224,165,9,72791,53412,2624,128827,1.3628,0.0491,164.58,2.81,#DFA408,,
07-IMG_0983,W01,29,local peak,314,732.3,1076.8,735,1077,218.09,156.89,7.22,214,153,3,68480,49262,2267,120009,1.3901,0.046,158.05,3.85,#DA9D07,,
07-IMG_0983,W01,30,local peak,292,947.5,1201.0,948,1201,228.82,167.06,15.32,232,171,20,66816,48782,4472,120070,1.3697,0.0917,168.35,4.34,#E5A70F,,
07-IMG_0983,W01,31,local peak,286,878.2,1171.6,878,1172,225.17,162.16,8.48,227,164,9,64400,46378,2426,113204,1.3886,0.0523,163.96,2.53,#E1A208,,
07-IMG_0983,W01,32,local peak,282,765.2,1130.5,764,1130,222.6,160.29,13.27,220,156,7,62772,45203,3741,111716,1.3887,0.0828,161.42,4.82,#DFA00D,,
07-IMG_0983,W01,33,local peak,272,625.4,1010.7,625,1011,219.16,158.12,8.22,218,157,7,59611,43010,2237,104858,1.386,0.052,159.87,2.37,#DB9E08,,
07-IMG_0983,W01,34,local peak,268,955.8,854.6,956,855,217.05,155.59,15.22,218,156,19,58169,41699,4080,103948,1.395,0.0978,157.94,4.19,#D99C0F,,
07-IMG_0983,W01,35,local peak,252,708.3,1172.3,708,1172,225.91,166.28,9.81,227,167,11,56930,41903,2471,101304,1.3586,0.059,167.06,2.43,#E2A60A,,
07-IMG_0983,W01,36,local peak,239,963.0,1278.6,963,1279,218.43,156.74,4.82,218,157,4,52205,37461,1151,90817,1.3936,0.0307,158.77,2.04,#DA9D05,,
07-IMG_0983,W02,1,broad,30832,2096.8,1225.2,2097,1225,222.64,162.13,7.01,223,163,7,6864295,4998656,215987,12078938,1.3732,0.0432,163.73,1.52,#DFA207,,
07-IMG_0983,W02,2,broad,2308,2037.9,1084.4,2036,1086,220.5,159.32,8.02,219,158,7,508910,367700,18512,895122,1.384,0.0503,161.25,1.86,#DC9F08,,
07-IMG_0983,W02,3,broad,976,1944.3,1206.4,1944,1206,224.21,163.78,9.18,224,163,10,218832,159853,8962,387647,1.369,0.0561,165.3,2.23,#E0A409,,
07-IMG_0983,W02,4,broad,547,1953.2,1070.4,1953,1070,220.98,159.98,8.44,222,161,10,120878,87511,4618,213007,1.3813,0.0528,162.01,1.9,#DDA008,,
07-IMG_0983,W02,5,broad,537,1919.8,1132.2,1920,1132,220.95,159.95,7.99,219,158,5,118650,85893,4288,208831,1.3814,0.0499,161.75,2.05,#DDA008,,
07-IMG_0983,W02,6,broad,456,2011.1,1133.0,2011,1133,220.18,159.18,8.21,221,160,10,100404,72588,3746,176738,1.3832,0.0516,161.04,1.81,#DC9F08,,
07-IMG_0983,W02,7,broad,451,1963.6,1248.0,1964,1248,220.05,159.27,6.53,219,158,5,99241,71833,2947,174021,1.3816,0.041,161.06,1.74,#DC9F07,,
07-IMG_0983,W02,8,broad,243,1920.4,1177.2,1920,1177,220.51,159.51,6.74,222,161,8,53583,38760,1637,93980,1.3824,0.0422,161.12,1.67,#DDA007,,
07-IMG_0983,W02,9,broad,167,1906.2,1107.1,1906,1107,221.52,160.58,8.77,223,162,11,36994,26817,1464,65275,1.3795,0.0546,162.62,2.51,#DEA109,,
07-IMG_0983,W02,10,bright core,13353,2075.8,1254.2,2079,1258,224.72,164.51,8.26,222,162,6,3000718,2196682,110288,5307688,1.366,0.0502,165.88,1.65,#E1A508,,
07-IMG_0983,W02,11,bright core,836,1944.9,1213.8,1945,1214,225.39,165.09,9.9,225,164,11,188425,138016,8275,334716,1.3652,0.06,166.49,2.29,#E1A50A,,
07-IMG_0983,W02,12,bright core,594,2176.2,1128.0,2176,1128,224.75,163.49,10.48,225,162,9,133504,97116,6226,236846,1.3747,0.0641,165.09,1.89,#E1A30A,,
07-IMG_0983,W02,13,bright core,177,2129.4,1137.4,2129,1137,225.16,164.32,10.85,224,164,8,39854,29085,1920,70859,1.3703,0.066,165.15,2.09,#E1A40B,,
07-IMG_0983,W02,14,bright core,153,2040.2,1096.7,2040,1097,225.1,164.1,11.48,226,165,12,34441,25108,1757,61306,1.3717,0.07,165.38,2.32,#E1A40B,,
07-IMG_0983,W02,15,bright core,105,2012.9,1232.4,2013,1232,223.82,163.82,7.82,225,165,9,23501,17201,821,41523,1.3663,0.0477,164.8,1.19,#E0A408,,
07-IMG_0983,W02,16,bright core,67,2140.0,1265.8,2140,1266,223.25,163.25,7.25,224,164,8,14958,10938,486,26382,1.3675,0.0444,164.28,1.54,#DFA307,,
07-IMG_0983,W02,17,bright core,60,2013.4,1085.8,2013,1086,226.33,165.33,14.33,226,165,14,13580,9920,860,24360,1.369,0.0867,166.68,2.84,#E2A50E,,
07-IMG_0983,W02,18,local peak,669,2078.0,1327.4,2078,1327,226.88,166.77,10.14,228,168,10,151784,111568,6784,270136,1.3605,0.0608,167.92,2.75,#E3A70A,,
07-IMG_0983,W02,19,local peak,543,2358.3,1149.4,2358,1149,216.05,155.06,12.59,221,160,18,117313,84196,6835,208344,1.3933,0.0812,157.12,3.94,#D89B0D,,
07-IMG_0983,W02,20,local peak,466,1934.9,1013.4,1935,1013,222.68,161.08,13.37,227,166,15,103771,75062,6231,185064,1.3825,0.083,162.64,5.82,#DFA10D,,
07-IMG_0983,W02,21,local peak,449,1985.1,1265.5,1985,1265,228.43,168.41,10.83,229,169,11,102563,75615,4864,183042,1.3564,0.0643,169.2,3.19,#E4A80B,,
07-IMG_0983,W02,22,local peak,419,1944.0,1225.1,1944,1225,226.79,166.69,10.58,227,167,11,95027,69842,4433,169302,1.3606,0.0635,167.75,2.63,#E3A70B,,
07-IMG_0983,W02,23,local peak,399,2030.1,918.2,2030,918,215.86,153.75,10.55,215,153,10,86127,61345,4208,151680,1.404,0.0686,156.0,2.71,#D89A0B,,
07-IMG_0983,W02,24,local peak,386,2002.2,944.1,2002,944,221.16,162.08,21.23,233,176,43,85369,62563,8195,156127,1.3645,0.131,163.55,9.5,#DDA215,,
07-IMG_0983,W02,25,local peak,373,1916.3,1091.8,1913,1089,224.81,164.09,12.01,225,164,11,83854,61206,4479,149539,1.37,0.0732,164.91,3.65,#E1A40C,,
07-IMG_0983,W02,26,local peak,328,1969.2,1049.3,1969,1049,223.56,162.52,11.59,223,162,12,73329,53305,3801,130435,1.3756,0.0713,163.83,4.02,#E0A30C,,
07-IMG_0983,W02,27,local peak,292,1947.4,1121.2,1947,1121,227.24,166.25,13.92,231,170,17,66354,48546,4064,118964,1.3668,0.0837,167.23,3.97,#E3A60E,,
07-IMG_0983,W02,28,local peak,284,2042.1,1317.8,2042,1318,226.25,166.55,8.66,229,169,10,64256,47300,2459,114015,1.3585,0.052,167.33,3.59,#E2A709,,
07-IMG_0983,W02,29,local peak,281,2142.5,886.5,2142,886,217.81,156.65,14.73,217,156,14,61206,44019,4139,109364,1.3904,0.094,158.42,4.57,#DA9D0F,,
07-IMG_0983,W02,30,local peak,272,2227.3,900.9,2227,901,217.92,156.66,14.28,212,151,8,59273,42611,3884,105768,1.391,0.0912,157.87,4.9,#DA9D0E,,
07-IMG_0983,W02,31,local peak,264,2266.0,1315.6,2266,1316,218.09,157.38,11.37,215,155,9,57577,41548,3001,102126,1.3858,0.0722,158.93,4.06,#DA9D0B,,
07-IMG_0983,W02,32,local peak,238,2218.8,1328.3,2219,1328,217.44,155.96,7.41,217,156,6,51751,37119,1763,90633,1.3942,0.0475,157.88,2.41,#D99C07,,
07-IMG_0983,W02,33,local peak,224,1989.0,1132.2,1989,1132,226.31,165.31,14.31,225,164,13,50693,37029,3205,90927,1.369,0.0866,166.39,3.79,#E2A50E,,
07-IMG_0983,W03,1,broad,13961,678.7,2119.1,679,2119,216.1,161.2,6.61,214,160,8,3017020,2250526,92291,5359837,1.3406,0.041,161.53,3.12,#D8A107,,
07-IMG_0983,W03,2,broad,4617,939.7,2392.2,940,2392,214.09,160.84,8.07,220,169,15,988459,742577,37265,1768301,1.3311,0.0502,160.88,3.33,#D6A108,,
07-IMG_0983,W03,3,broad,3650,742.0,2353.4,744,2353,211.53,157.66,7.25,208,154,2,772082,575461,26472,1374015,1.3417,0.046,158.0,2.32,#D49E07,,
07-IMG_0983,W03,4,broad,3387,917.9,2191.0,918,2191,214.13,159.01,7.16,213,158,6,725266,538569,24239,1288074,1.3467,0.045,159.48,2.84,#D69F07,,
07-IMG_0983,W03,5,broad,2714,975.3,2012.3,975,2012,215.35,158.44,8.29,213,156,7,584458,429997,22500,1036955,1.3592,0.0523,159.47,2.92,#D79E08,,
07-IMG_0983,W03,6,broad,1629,810.1,1981.5,810,1981,216.16,159.93,7.61,211,156,4,352128,260523,12404,625055,1.3516,0.0476,160.68,3.06,#D8A008,,
07-IMG_0983,W03,7,broad,1572,1078.0,2225.7,1078,2226,215.13,159.75,8.4,217,162,10,338189,251128,13200,602517,1.3467,0.0526,160.35,3.07,#D7A008,,
07-IMG_0983,W03,8,broad,1255,1047.7,2088.8,1048,2089,214.2,157.26,7.97,215,158,9,268821,197359,9998,476178,1.3621,0.0507,158.34,2.62,#D69D08,,
07-IMG_0983,W03,9,broad,1183,1054.9,2298.6,1055,2299,215.68,162.39,8.29,212,159,5,255147,192103,9810,457060,1.3282,0.0511,162.3,3.68,#D8A208,,
07-IMG_0983,W03,10,broad,831,1068.8,2158.4,1069,2158,213.57,157.65,8.59,212,156,9,177477,131009,7136,315622,1.3547,0.0545,158.53,3.13,#D69E09,,
07-IMG_0983,W03,11,broad,521,835.2,2377.3,835,2377,211.44,157.43,7.59,211,157,7,110158,82021,3956,196135,1.343,0.0482,157.62,3.13,#D39D08,,
07-IMG_0983,W03,12,broad,498,800.8,2392.7,801,2393,211.67,157.67,7.74,210,156,6,105414,78522,3854,187790,1.3425,0.0491,157.84,2.75,#D49E08,,
07-IMG_0983,W03,13,broad,342,608.1,2234.8,608,2235,212.14,158.13,8.32,213,159,7,72551,54080,2846,129477,1.3415,0.0526,158.35,3.6,#D49E08,,
07-IMG_0983,W03,14,broad,307,631.3,2256.2,631,2256,211.93,157.35,6.95,211,157,5,65062,48307,2133,115502,1.3468,0.0442,157.54,2.8,#D49D07,,
07-IMG_0983,W03,15,broad,291,845.2,2219.1,845,2219,211.79,155.79,8.65,211,155,8,61632,45336,2517,109485,1.3594,0.0555,156.6,2.41,#D49C09,,
07-IMG_0983,W03,16,broad,284,897.1,1972.3,897,1972,214.6,157.57,8.06,216,159,10,60945,44750,2288,107983,1.3619,0.0511,158.62,3.59,#D79E08,,
07-IMG_0983,W03,17,broad,278,970.2,2155.3,970,2155,213.62,158.65,6.58,217,162,9,59386,44105,1829,105320,1.3465,0.0415,158.48,3.37,#D69F07,,
07-IMG_0983,W03,18,broad,259,703.1,2365.4,704,2365,210.42,156.4,7.77,209,155,7,54499,40508,2013,97020,1.3454,0.0497,156.64,2.31,#D29C08,,
07-IMG_0983,W03,19,broad,207,838.2,2429.1,838,2429,211.04,157.0,9.13,211,157,9,43685,32498,1889,78072,1.3442,0.0581,157.26,2.34,#D39D09,,
07-IMG_0983,W03,20,broad,191,897.9,2132.7,898,2133,215.31,159.06,10.74,216,160,11,41125,30381,2051,73557,1.3536,0.0675,159.72,4.16,#D79F0B,,
07-IMG_0983,W03,21,bright core,6957,707.9,2044.8,708,2045,220.25,165.27,7.83,216,160,3,1532310,1149749,54501,2736560,1.3327,0.0474,165.35,3.26,#DCA508,,
07-IMG_0983,W03,22,bright core,1341,988.5,2361.9,989,2362,216.87,163.8,8.66,218,165,9,290826,219657,11607,522090,1.324,0.0528,163.59,3.31,#D9A409,,
07-IMG_0983,W03,23,bright core,934,909.8,2408.2,910,2408,216.46,163.6,10.24,216,162,12,202171,152805,9565,364541,1.3231,0.0626,163.42,3.21,#D8A40A,,
07-IMG_0983,W03,24,bright core,683,924.8,2186.8,925,2187,218.26,163.24,10.32,214,159,7,149069,111492,7046,267607,1.337,0.0632,163.49,3.76,#DAA30A,,
07-IMG_0983,W03,25,bright core,639,994.5,2016.6,995,2017,218.07,161.17,10.08,218,161,10,139348,102988,6442,248778,1.3531,0.0626,162.02,2.57,#DAA10A,,
07-IMG_0983,W03,26,bright core,589,677.4,2223.9,677,2224,218.18,164.55,10.2,222,169,13,128507,96921,6010,231438,1.3259,0.062,164.35,3.82,#DAA50A,,
07-IMG_0983,W03,27,bright core,543,1065.1,2295.2,1065,2295,218.25,165.01,10.59,217,163,11,118510,89598,5748,213856,1.3227,0.0642,164.73,3.38,#DAA50B,,
07-IMG_0983,W03,28,bright core,448,1073.3,2228.6,1073,2229,218.05,162.94,10.9,220,165,12,97688,72999,4885,175572,1.3382,0.0669,163.21,3.44,#DAA30B,,
07-IMG_0983,W03,29,bright core,362,640.0,2149.8,640,2150,218.61,163.61,10.19,220,165,10,79136,59226,3689,142051,1.3362,0.0623,163.57,3.84,#DBA40A,,
07-IMG_0983,W03,30,bright core,280,862.0,1965.9,862,1966,225.04,168.56,14.82,226,170,15,63011,47196,4151,114358,1.3351,0.088,168.85,4.81,#E1A90F,,
07-IMG_0983,W03,31,bright core,269,1076.0,2194.3,1076,2194,219.32,163.54,12.78,221,166,14,58998,43991,3438,106427,1.3411,0.0782,163.59,4.37,#DBA40D,,
07-IMG_0983,W03,32,bright core,242,643.2,2192.1,643,2192,218.79,164.81,10.54,224,171,15,52946,39884,2550,95380,1.3275,0.0639,164.19,4.66,#DBA50B,,
07-IMG_0983,W03,33,local peak,2267,720.6,2008.3,721,2008,226.39,171.53,11.95,226,171,6,513218,388861,27094,929173,1.3198,0.0697,171.06,5.03,#E2AC0C,,
07-IMG_0983,W03,34,local peak,670,997.0,2015.4,997,2015,217.53,160.61,9.51,218,161,12,145745,107608,6370,259723,1.3544,0.0592,161.52,2.7,#DAA10A,,
07-IMG_0983,W03,35,local peak,498,861.8,1965.5,862,1965,223.62,166.89,14.03,225,169,14,111362,83113,6988,201463,1.3399,0.0841,167.24,5.4,#E0A70E,,
07-IMG_0983,W03,36,local peak,487,677.7,2222.6,678,2223,219.18,165.62,11.18,221,168,12,106740,80658,5445,192843,1.3234,0.0675,165.07,3.99,#DBA60B,,
07-IMG_0983,W03,37,local peak,456,941.4,1985.6,941,1986,217.04,160.0,10.54,215,158,7,98970,72959,4804,176733,1.3565,0.0658,160.57,3.92,#D9A00B,,
07-IMG_0983,W03,38,local peak,456,1066.3,2295.6,1066,2296,218.83,165.56,11.26,217,163,11,99788,75495,5133,180416,1.3218,0.068,165.26,3.24,#DBA60B,,
07-IMG_0983,W03,39,local peak,452,1021.6,2335.6,1022,2336,227.24,175.8,16.99,236,183,25,102712,79460,7680,189852,1.2926,0.0967,174.47,9.57,#E3B011,,
07-IMG_0983,W03,40,local peak,436,910.7,2169.7,911,2170,227.7,173.29,20.75,218,164,6,99278,75554,9049,183881,1.314,0.1198,172.61,9.25,#E4AD15,,
07-IMG_0983,W03,41,local peak,394,604.7,2235.2,605,2235,211.8,157.85,8.55,212,158,8,83448,62192,3370,149010,1.3418,0.0542,158.05,3.67,#D49E09,,
07-IMG_0983,W03,42,local peak,376,975.8,2045.8,976,2046,216.81,160.68,12.07,219,162,13,81521,60417,4539,146477,1.3493,0.0751,160.89,5.35,#D9A10C,,
07-IMG_0983,W03,43,local peak,375,645.6,2089.6,648,2090,217.94,163.39,7.41,218,163,10,81727,61272,2777,145776,1.3338,0.0453,163.11,3.22,#DAA307,,
07-IMG_0983,W03,44,local peak,302,828.7,2006.3,829,2006,217.52,161.54,10.87,223,168,15,65690,48786,3284,117760,1.3465,0.0673,161.83,5.67,#DAA20B,,
07-IMG_0983,W03,45,local peak,302,783.3,2033.4,783,2033,216.13,159.61,10.39,217,162,10,65271,48201,3138,116610,1.3541,0.0651,160.08,5.45,#D8A00A,,
07-IMG_0983,W03,46,local peak,301,1070.5,2229.5,1070,2229,219.06,164.03,11.64,220,165,12,65938,49373,3504,118815,1.3355,0.071,164.08,3.59,#DBA40C,,
07-IMG_0983,W03,47,local peak,284,1053.3,2175.5,1053,2175,220.36,164.94,14.2,225,170,18,62582,46843,4034,113459,1.336,0.0861,165.02,5.76,#DCA50E,,
07-IMG_0983,W03,48,local peak,280,997.3,2361.6,997,2362,220.6,167.6,10.86,224,171,13,61767,46927,3041,111735,1.3162,0.0648,167.13,3.3,#DDA80B,,
07-IMG_0983,W04,1,broad,24417,1992.9,2212.9,1993,2213,215.78,160.09,6.41,217,162,7,5268665,3908874,156416,9333955,1.3479,0.04,160.78,2.71,#D8A006,,
07-IMG_0983,W04,2,broad,5004,2200.0,2011.9,2200,2012,213.05,155.54,8.22,222,164,18,1066125,778339,41138,1885602,1.3697,0.0529,156.89,3.31,#D59C08,,
07-IMG_0983,W04,3,broad,1677,2279.2,2036.3,2279,2036,212.45,155.35,8.28,210,153,4,356285,260518,13884,630687,1.3676,0.0533,156.72,3.25,#D49B08,,
07-IMG_0983,W04,4,broad,1189,2129.6,2141.8,2130,2142,210.16,152.16,8.23,214,156,12,249881,180919,9784,440584,1.3812,0.0541,153.79,2.25,#D29808,,
07-IMG_0983,W04,5,broad,884,2341.9,2067.2,2342,2067,210.64,154.02,7.98,207,151,6,186203,136153,7050,329406,1.3676,0.0518,154.98,3.46,#D39A08,,
07-IMG_0983,W04,6,broad,764,2047.4,2020.7,2047,2021,212.51,154.53,10.6,210,152,8,162358,118061,8095,288514,1.3752,0.0686,155.97,3.84,#D59B0B,,
07-IMG_0983,W04,7,broad,762,2093.0,2246.5,2093,2247,209.12,151.78,7.44,207,151,6,159351,115655,5669,280675,1.3778,0.049,153.25,1.99,#D19807,,
07-IMG_0983,W04,8,broad,618,2128.0,1984.3,2128,1984,213.7,155.87,10.45,213,155,9,132065,96325,6461,234851,1.371,0.0671,157.2,4.07,#D69C0A,,
07-IMG_0983,W04,9,broad,536,2302.4,2076.5,2302,2077,210.48,154.16,7.58,218,162,15,112819,82628,4064,199511,1.3654,0.0492,155.07,3.3,#D29A08,,
07-IMG_0983,W04,10,broad,380,2081.5,2359.4,2081,2359,208.68,153.07,7.97,213,157,10,79298,58168,3029,140495,1.3633,0.0521,153.59,3.49,#D19908,,
07-IMG_0983,W04,11,broad,346,2055.8,2362.4,2056,2362,206.42,151.86,4.71,208,152,5,71423,52543,1631,125597,1.3593,0.031,152.43,1.83,#CE9805,,
07-IMG_0983,W04,12,broad,339,2214.5,2115.0,2214,2115,210.73,152.54,9.66,211,153,10,71439,51710,3275,126424,1.3815,0.0633,153.61,3.51,#D3990A,,
07-IMG_0983,W04,13,broad,252,2377.1,2105.5,2377,2105,210.78,153.6,10.7,208,150,6,53116,38707,2696,94519,1.3723,0.0697,155.6,4.07,#D39A0B,,
07-IMG_0983,W04,14,broad,194,2128.6,2265.0,2128,2266,208.28,151.32,6.84,207,151,6,40407,29357,1326,71090,1.3764,0.0452,152.41,1.75,#D09707,,
07-IMG_0983,W04,15,broad,171,2086.3,1992.8,2086,1993,211.0,153.0,9.41,215,157,13,36081,26163,1609,63853,1.3791,0.0615,154.18,3.49,#D39909,,
07-IMG_0983,W04,16,broad,137,2135.6,2025.1,2136,2025,209.88,151.88,7.77,211,153,9,28753,20807,1065,50625,1.3819,0.0512,152.91,2.81,#D29808,,
07-IMG_0983,W04,17,broad,136,2109.3,2111.6,2109,2112,210.51,152.51,8.74,209,151,7,28629,20741,1189,50559,1.3803,0.0573,153.21,2.52,#D39909,,
07-IMG_0983,W04,18,broad,134,2357.9,2149.7,2358,2150,209.2,152.33,9.81,210,153,10,28033,20412,1314,49759,1.3734,0.0644,153.72,3.38,#D1980A,,
07-IMG_0983,W04,19,bright core,14488,1977.6,2202.0,1978,2202,219.95,164.41,8.09,221,167,9,3186689,2381947,117157,5685793,1.3379,0.0492,164.75,2.88,#DCA408,,
07-IMG_0983,W04,20,bright core,483,2200.4,2013.5,2200,2013,219.79,162.48,14.54,221,163,17,106159,78476,7025,191660,1.3528,0.0895,163.41,3.52,#DCA20F,,
07-IMG_0983,W04,21,bright core,336,2172.0,2022.7,2172,2023,219.35,161.93,15.05,224,167,16,73701,54409,5057,133167,1.3546,0.0929,162.55,3.98,#DBA20F,,
07-IMG_0983,W04,22,bright core,243,2256.1,2017.9,2256,2018,219.27,162.66,12.83,225,168,17,53283,39527,3118,95928,1.348,0.0789,162.77,4.43,#DBA30D,,
07-IMG_0983,W04,23,bright core,175,2288.3,2026.4,2288,2026,218.28,161.3,14.18,219,163,14,38199,28228,2482,68909,1.3532,0.0879,161.59,3.44,#DAA10E,,
07-IMG_0983,W04,24,bright core,163,2213.6,1985.9,2214,1986,218.45,161.45,11.5,218,161,12,35608,26317,1875,63800,1.353,0.0712,161.66,3.76,#DAA10C,,
07-IMG_0983,W04,25,bright core,93,2029.5,2208.3,2029,2208,218.61,161.61,10.8,216,159,8,20331,15030,1004,36365,1.3527,0.0668,161.98,4.07,#DBA20B,,
07-IMG_0983,W04,26,bright core,72,2118.8,1980.8,2119,1981,218.65,160.81,15.68,217,159,15,15743,11578,1129,28450,1.3597,0.0975,161.28,4.14,#DBA110,,
07-IMG_0983,W04,27,bright core,67,2005.9,2390.4,2006,2390,215.82,161.82,11.82,215,161,11,14460,10842,792,26094,1.3337,0.073,161.58,2.95,#D8A20C,,
07-IMG_0983,W04,28,bright core,57,2328.7,2108.0,2329,2108,221.33,164.02,19.16,224,166,22,12616,9349,1092,23057,1.3494,0.1168,163.71,4.6,#DDA413,,
07-IMG_0983,W04,29,local peak,737,1955.3,2125.0,1955,2125,227.33,171.85,11.7,237,182,19,167540,126656,8623,302819,1.3228,0.0681,171.51,4.96,#E3AC0C,,
07-IMG_0983,W04,30,local peak,652,2164.9,2016.4,2165,2016,218.48,160.97,14.44,218,162,17,142449,104952,9413,256814,1.3573,0.0897,161.63,4.55,#DAA10E,,
07-IMG_0983,W04,31,local peak,631,2330.2,2109.6,2330,2110,213.32,156.7,12.28,221,163,19,134605,98875,7750,241230,1.3614,0.0784,157.42,6.16,#D59D0C,,
07-IMG_0983,W04,32,local peak,570,1999.4,2285.7,1999,2286,223.14,168.82,10.46,221,167,7,127187,96229,5961,229377,1.3217,0.0619,168.19,3.85,#DFA90A,,
07-IMG_0983,W04,33,local peak,570,2339.7,2291.8,2340,2292,206.68,150.95,10.63,215,159,20,117810,86040,6058,209908,1.3692,0.0704,151.76,5.22,#CF970B,,
07-IMG_0983,W04,34,local peak,551,2046.8,2020.6,2047,2021,213.91,155.92,12.09,210,152,8,117867,85913,6660,210440,1.3719,0.0775,157.15,3.73,#D69C0C,,
07-IMG_0983,W04,35,local peak,536,2296.0,2018.4,2296,2018,215.03,157.9,11.72,216,160,11,115254,84633,6283,206170,1.3618,0.0742,158.8,3.96,#D79E0C,,
07-IMG_0983,W04,36,local peak,507,2310.2,2059.0,2310,2059,218.85,163.58,18.45,223,171,26,110955,82936,9355,203246,1.3378,0.1128,163.49,6.95,#DBA412,,
07-IMG_0983,W04,37,local peak,427,2140.5,2385.1,2141,2385,211.13,157.72,20.55,219,169,34,90152,67346,8775,166273,1.3386,0.1303,158.19,9.49,#D39E15,,
07-IMG_0983,W04,38,local peak,421,1980.3,2081.9,1980,2082,223.75,167.72,10.6,226,170,11,94198,70610,4464,169272,1.3341,0.0632,167.69,3.87,#E0A80B,,
07-IMG_0983,W04,39,local peak,404,2082.7,2368.3,2083,2368,208.13,153.14,9.22,207,152,7,84085,61869,3723,149677,1.3591,0.0602,153.34,3.91,#D09909,,
07-IMG_0983,W04,40,local peak,398,2254.9,2016.9,2255,2017,218.65,162.03,12.54,221,165,16,87021,64489,4992,156502,1.3494,0.0774,162.3,4.69,#DBA20D,,
07-IMG_0983,W04,41,local peak,389,2371.5,2096.0,2372,2096,214.5,157.59,14.94,219,162,23,83441,61303,5810,150554,1.3611,0.0948,158.1,5.65,#D79E0F,,
07-IMG_0983,W04,42,local peak,386,2018.3,2174.8,2018,2175,223.47,167.85,10.76,224,168,9,86261,64790,4153,155204,1.3314,0.0641,167.62,4.19,#DFA80B,,
07-IMG_0983,W04,43,local peak,378,2351.2,2060.8,2351,2061,212.85,155.9,9.86,214,158,13,80459,58931,3728,143118,1.3653,0.0633,156.62,4.23,#D59C0A,,
07-IMG_0983,W04,44,local peak,368,1980.9,2169.3,1981,2169,229.03,173.32,15.37,232,176,19,84282,63782,5657,153721,1.3214,0.0887,172.86,4.73,#E5AD0F,,
08-IMG_0982,W01,1,broad,28337,795.9,1192.8,795,1193,233.74,156.98,39.06,233,153,38,6623419,4448248,1106775,12178442,1.489,0.2488,164.5,2.46,#EA9D27,,
08-IMG_0982,W01,2,broad,1473,965.9,1131.4,966,1131,235.1,155.52,39.25,235,155,40,346296,229087,57821,633204,1.5116,0.2524,163.44,2.65,#EB9C27,,
08-IMG_0982,W01,3,broad,1147,984.7,1067.4,985,1067,233.82,154.52,37.41,235,156,38,268189,177239,42904,488332,1.5131,0.2421,162.52,1.61,#EA9B25,,
08-IMG_0982,W01,4,broad,968,1052.9,1091.2,1053,1091,235.12,156.16,38.94,236,157,39,227600,151159,37692,416451,1.5057,0.2494,164.05,2.77,#EB9C27,,
08-IMG_0982,W01,5,broad,916,905.0,1046.0,902,1044,235.19,155.69,39.2,233,153,38,215437,142615,35904,393956,1.5106,0.2518,163.55,2.68,#EB9C27,,
08-IMG_0982,W01,6,broad,500,933.2,1045.7,933,1046,235.11,155.85,38.63,235,156,38,117555,77925,19315,214795,1.5086,0.2479,163.68,2.57,#EB9C27,,
08-IMG_0982,W01,7,broad,330,825.9,1174.1,826,1174,234.26,154.26,39.26,233,153,38,77306,50906,12956,141168,1.5186,0.2545,162.37,2.19,#EA9A27,,
08-IMG_0982,W01,8,broad,327,935.8,1123.8,936,1124,235.17,155.3,39.93,235,155,40,76902,50782,13057,140741,1.5144,0.2571,163.06,2.79,#EB9B28,,
08-IMG_0982,W01,9,broad,325,1049.1,1023.7,1049,1024,235.1,155.11,40.1,232,152,37,76409,50410,13032,139851,1.5158,0.2585,162.73,3.0,#EB9B28,,
08-IMG_0982,W01,10,broad,304,971.7,1024.9,972,1025,234.26,154.34,39.11,235,155,40,71215,46918,11889,130022,1.5179,0.2534,162.37,1.75,#EA9A27,,
08-IMG_0982,W01,11,broad,285,904.2,1102.7,904,1103,235.67,156.02,39.98,234,154,39,67167,44466,11394,123027,1.5105,0.2562,163.88,3.29,#EC9C28,,
08-IMG_0982,W01,12,broad,283,1008.7,1097.6,1009,1098,234.83,154.83,39.83,239,159,44,66456,43816,11271,121543,1.5167,0.2572,162.89,2.55,#EB9B28,,
08-IMG_0982,W01,13,broad,241,838.1,1019.7,838,1020,234.85,154.86,41.27,233,153,40,56600,37321,9945,103866,1.5166,0.2665,162.87,3.09,#EB9B29,,
08-IMG_0982,W01,14,broad,237,794.1,1096.1,794,1096,235.23,155.23,40.23,233,153,38,55749,36789,9534,102072,1.5154,0.2592,162.98,2.77,#EB9B28,,
08-IMG_0982,W01,15,broad,234,833.1,1058.1,834,1058,234.95,155.21,39.56,229,150,32,54979,36319,9257,100555,1.5138,0.2549,162.67,2.99,#EB9B28,,
08-IMG_0982,W01,16,broad,195,953.6,1084.1,954,1084,234.29,154.58,38.7,235,156,38,45686,30143,7547,83376,1.5156,0.2504,162.43,2.42,#EA9B27,,
08-IMG_0982,W01,17,broad,189,1041.3,1142.9,1041,1143,234.57,155.09,39.89,234,154,39,44333,29312,7540,81185,1.5125,0.2572,162.69,2.72,#EB9B28,,
08-IMG_0982,W01,18,broad,171,607.5,973.3,608,973,232.65,155.58,41.27,233,156,42,39783,26604,7058,73445,1.4954,0.2653,162.75,2.99,#E99C29,,
08-IMG_0982,W01,19,broad,155,796.4,1158.6,796,1159,235.35,155.35,40.35,238,158,43,36479,24079,6254,66812,1.515,0.2597,162.73,2.31,#EB9B28,,
08-IMG_0982,W01,20,bright core,5331,696.6,1148.9,697,1149,235.55,159.81,40.21,238,164,43,1255702,851926,214346,2321974,1.474,0.2516,166.88,2.54,#ECA028,,
08-IMG_0982,W01,21,bright core,3396,774.9,1238.9,775,1239,235.44,159.17,40.95,236,159,41,799550,540531,139077,1479158,1.4792,0.2573,166.41,2.44,#EB9F29,,
08-IMG_0982,W01,22,bright core,1136,852.7,1252.4,853,1252,235.59,158.91,41.25,236,159,41,267635,180517,46862,495014,1.4826,0.2596,166.08,2.36,#EC9F29,,
08-IMG_0982,W01,23,bright core,597,639.5,1061.4,639,1061,234.81,159.33,40.75,233,158,39,140181,95118,24330,259629,1.4738,0.2558,166.28,2.76,#EB9F29,,
08-IMG_0982,W01,24,bright core,524,944.3,1231.5,944,1231,235.88,158.86,41.19,235,158,40,123602,83242,21585,228429,1.4849,0.2593,165.74,2.59,#EC9F29,,
08-IMG_0982,W01,25,bright core,408,889.3,1235.7,889,1236,235.74,158.82,41.26,239,162,44,96181,64797,16834,177812,1.4843,0.2598,165.96,2.63,#EC9F29,,
08-IMG_0982,W01,26,bright core,377,1048.8,1103.6,1049,1104,236.91,158.29,40.51,234,155,37,89314,59676,15273,164263,1.4966,0.2559,165.67,2.83,#ED9E29,,
08-IMG_0982,W01,27,bright core,278,856.6,1147.8,857,1148,236.71,157.7,39.74,237,158,40,65806,43840,11048,120694,1.501,0.252,165.33,2.03,#ED9E28,,
08-IMG_0982,W01,28,bright core,267,907.6,1059.0,908,1059,237.27,158.06,40.63,238,159,40,63352,42202,10848,116402,1.5012,0.257,165.69,2.95,#ED9E29,,
08-IMG_0982,W01,29,bright core,240,694.5,1172.8,694,1173,236.06,159.46,42.37,233,156,40,56655,38271,10169,105095,1.4804,0.2657,166.34,3.12,#EC9F2A,,
08-IMG_0982,W01,30,bright core,227,1012.0,1169.0,1012,1169,236.62,159.44,41.44,240,163,45,53713,36194,9408,99315,1.484,0.2599,166.31,2.85,#ED9F29,,
08-IMG_0982,W01,31,bright core,204,906.4,1259.4,906,1259,233.79,158.79,43.65,235,160,45,47694,32394,8904,88992,1.4723,0.2749,165.5,2.81,#EA9F2C,,
08-IMG_0982,W01,32,local peak,576,808.7,803.9,808,804,233.68,155.98,42.27,222,145,31,134602,89847,24346,248795,1.4981,0.271,163.18,5.55,#EA9C2A,,
08-IMG_0982,W01,33,local peak,450,1050.4,1114.2,1050,1114,236.05,157.83,40.41,237,158,40,106221,71022,18185,195428,1.4956,0.256,165.05,3.19,#EC9E28,,
08-IMG_0982,W01,34,local peak,442,721.3,831.8,721,832,232.49,155.08,42.15,233,155,44,102761,68547,18631,189939,1.4991,0.2718,161.94,4.2,#E89B2A,,
08-IMG_0982,W01,35,local peak,434,669.5,940.9,669,941,233.83,156.76,42.56,230,153,37,101483,68033,18473,187989,1.4917,0.2715,163.75,4.32,#EA9D2B,,
08-IMG_0982,W01,36,local peak,323,701.8,895.0,702,895,231.96,154.71,41.54,230,153,39,74922,49971,13419,138312,1.4993,0.2685,161.93,3.93,#E89B2A,,
08-IMG_0982,W01,37,local peak,284,635.4,887.3,635,887,231.43,154.21,40.86,230,153,39,65725,43796,11605,121126,1.5007,0.265,161.1,3.42,#E79A29,,
08-IMG_0982,W01,38,local peak,249,1013.6,945.2,1014,945,235.86,155.91,41.62,243,163,48,58728,38822,10363,107913,1.5128,0.2669,163.48,4.89,#EC9C2A,,
08-IMG_0982,W01,39,local peak,222,598.9,970.9,599,972,232.25,155.53,42.41,231,154,40,51559,34527,9414,95500,1.4933,0.2727,162.35,3.43,#E89C2A,,
08-IMG_0982,W01,40,local peak,221,901.0,801.1,901,801,232.27,154.43,43.24,231,153,42,51332,34128,9557,95017,1.5041,0.28,161.67,4.6,#E89A2B,,
08-IMG_0982,W01,41,local peak,219,712.4,867.8,712,868,233.5,155.83,43.34,239,162,48,51136,34127,9491,94754,1.4984,0.2781,163.08,5.15,#E99C2B,,
08-IMG_0982,W01,42,local peak,199,966.3,838.9,966,839,231.68,154.19,41.68,231,153,42,46104,30683,8295,85082,1.5026,0.2703,161.17,4.31,#E89A2A,,
08-IMG_0982,W01,43,local peak,199,619.4,941.4,619,941,233.0,156.0,41.03,238,161,47,46367,31044,8164,85575,1.4936,0.263,163.15,3.74,#E99C29,,
08-IMG_0982,W01,44,local peak,189,675.7,1085.5,676,1085,238.17,160.74,41.99,242,163,45,45015,30380,7936,83331,1.4817,0.2612,167.7,4.08,#EEA12A,,
08-IMG_0982,W01,45,local peak,187,663.1,1057.8,663,1058,236.33,158.85,41.36,236,159,41,44193,29705,7734,81632,1.4877,0.2604,165.86,3.58,#EC9F29,,
08-IMG_0982,W01,46,local peak,168,931.2,1168.5,931,1169,241.45,162.1,45.13,245,166,48,40563,27232,7582,75377,1.4895,0.2784,168.79,4.16,#F1A22D,,
08-IMG_0982,W01,47,local peak,162,1063.2,1076.4,1063,1076,236.98,157.69,40.56,237,158,40,38390,25545,6570,70505,1.5028,0.2572,164.97,3.12,#ED9E29,,
08-IMG_0982,W02,1,broad,33490,2062.2,1190.4,2062,1190,235.12,156.91,37.45,231,152,33,7874151,5254812,1254309,14383272,1.4985,0.2387,164.67,2.06,#EB9D25,,
08-IMG_0982,W02,2,broad,524,1953.3,1030.2,1953,1030,235.14,155.9,38.49,232,153,35,123215,81689,20171,225075,1.5083,0.2469,163.86,2.55,#EB9C26,,
08-IMG_0982,W02,3,broad,231,1901.2,1090.2,1901,1091,235.65,156.97,39.08,230,151,33,54434,36259,9028,99721,1.5013,0.249,164.11,2.69,#EC9D27,,
08-IMG_0982,W02,4,broad,199,1969.9,1117.5,1970,1118,235.4,156.38,38.44,234,155,37,46845,31120,7650,85615,1.5053,0.2458,163.76,2.8,#EB9C26,,
08-IMG_0982,W02,5,broad,177,2206.8,1287.2,2207,1287,234.82,157.32,39.85,237,160,42,41563,27846,7054,76463,1.4926,0.2533,164.37,2.64,#EB9D28,,
08-IMG_0982,W02,6,broad,176,1928.0,1080.1,1928,1080,236.11,157.11,39.03,237,158,40,41556,27652,6870,76078,1.5028,0.2484,164.98,2.83,#EC9D27,,
08-IMG_0982,W02,7,broad,167,2195.7,1086.1,2196,1086,236.13,157.13,38.69,237,158,40,39433,26240,6461,72134,1.5028,0.2462,164.61,2.94,#EC9D27,,
08-IMG_0982,W02,8,broad,164,2214.0,1070.0,2214,1070,235.68,156.71,38.71,235,156,38,38652,25700,6348,70700,1.504,0.247,164.04,2.8,#EC9D27,,
08-IMG_0982,W02,9,broad,143,2200.7,1172.3,2201,1172,233.78,154.84,36.84,232,153,35,33431,22142,5268,60841,1.5098,0.2379,162.35,2.17,#EA9B25,,
08-IMG_0982,W02,10,broad,137,1944.0,1114.3,1944,1114,236.63,157.5,39.47,233,154,36,32418,21577,5407,59402,1.5024,0.2506,164.53,3.16,#ED9D27,,
08-IMG_0982,W02,11,broad,135,2159.0,1048.2,2159,1048,236.03,157.03,39.03,237,158,40,31864,21199,5269,58332,1.5031,0.2485,164.45,3.0,#EC9D27,,
08-IMG_0982,W02,12,bright core,3721,2047.2,1257.5,2047,1257,236.95,159.44,39.12,237,161,39,881688,593293,145558,1620539,1.4861,0.2453,166.87,2.24,#ED9F27,,
08-IMG_0982,W02,13,bright core,1795,1931.9,1176.2,1932,1176,235.68,160.84,39.99,238,164,43,423046,288705,71782,783533,1.4653,0.2486,167.61,2.55,#ECA128,,
08-IMG_0982,W02,14,bright core,1725,1985.1,1234.4,1985,1234,236.25,159.64,39.44,233,157,37,407527,275371,68028,750926,1.4799,0.247,166.9,1.88,#ECA027,,
08-IMG_0982,W02,15,bright core,1060,2074.7,1147.5,2075,1143,237.43,158.43,39.07,238,159,40,251678,167938,41416,461032,1.4986,0.2466,166.14,1.93,#ED9E27,,
08-IMG_0982,W02,16,bright core,900,2113.9,1279.8,2111,1280,237.83,158.83,38.83,235,156,35,214049,142949,34943,391941,1.4974,0.2444,166.39,2.13,#EE9F27,,
08-IMG_0982,W02,17,bright core,802,2117.8,1179.3,2121,1182,237.12,158.12,39.12,237,158,39,190172,126814,31376,348362,1.4996,0.2474,165.77,1.66,#ED9E27,,
08-IMG_0982,W02,18,bright core,567,2036.2,1173.4,2036,1171,236.92,157.92,38.69,237,158,39,134336,89543,21936,245815,1.5002,0.245,165.69,1.5,#ED9E27,,
08-IMG_0982,W02,19,bright core,396,2100.6,1302.1,2101,1302,237.34,158.88,38.27,239,160,39,93986,62915,15153,172054,1.4939,0.2408,166.42,2.38,#ED9F26,,
08-IMG_0982,W02,20,bright core,289,2087.0,1193.1,2087,1193,237.41,158.41,39.41,233,154,35,68611,45780,11389,125780,1.4987,0.2488,165.95,1.91,#ED9E27,,
08-IMG_0982,W02,21,bright core,286,2175.3,1095.6,2175,1096,237.92,158.92,39.56,234,155,34,68044,45450,11313,124807,1.4971,0.2489,166.27,2.74,#EE9F28,,
08-IMG_0982,W02,22,bright core,177,1977.2,1101.2,1977,1101,238.87,159.87,41.41,247,168,49,42280,28297,7330,77907,1.4942,0.259,167.39,3.38,#EFA029,,
08-IMG_0982,W02,23,bright core,142,2096.1,1242.1,2096,1242,237.65,158.65,39.57,238,159,40,33747,22529,5619,61895,1.4979,0.2494,166.13,2.05,#EE9F28,,
08-IMG_0982,W02,24,local peak,434,1992.5,908.0,1992,908,236.71,159.86,42.42,244,167,49,102734,69380,18411,190525,1.4807,0.2654,166.73,7.33,#EDA02A,,
08-IMG_0982,W02,25,local peak,397,1921.2,978.8,1921,979,238.21,159.99,42.99,244,165,47,94570,63517,17067,175154,1.4889,0.2687,167.26,5.99,#EEA02B,,
08-IMG_0982,W02,26,local peak,392,2348.7,1117.3,2349,1117,230.73,153.38,40.54,230,153,39,90445,60123,15892,166460,1.5043,0.2643,160.68,3.4,#E79929,,
08-IMG_0982,W02,27,local peak,311,2251.9,1283.2,2250,1286,233.73,156.73,41.56,228,151,35,72691,48744,12926,134361,1.4913,0.2652,163.79,3.57,#EA9D2A,,
08-IMG_0982,W02,28,local peak,294,1974.5,982.7,1974,983,238.0,158.32,42.45,242,163,45,69971,46546,12479,128996,1.5033,0.2681,166.03,4.26,#EE9E2A,,
08-IMG_0982,W02,29,local peak,270,2055.8,1029.7,2056,1030,238.13,159.0,41.54,237,158,40,64294,42931,11217,118442,1.4976,0.2613,166.3,4.32,#EE9F2A,,
08-IMG_0982,W02,30,local peak,256,1973.1,1244.9,1973,1245,238.59,162.64,41.5,239,163,41,61078,41636,10623,113337,1.467,0.2551,169.29,3.0,#EFA329,,
08-IMG_0982,W02,31,local peak,251,1903.9,1116.0,1904,1116,241.1,162.21,43.91,244,165,46,60516,40714,11022,112252,1.4864,0.2707,169.33,4.76,#F1A22C,,
08-IMG_0982,W02,32,local peak,249,2206.1,1297.0,2205,1298,234.2,157.73,40.3,234,157,39,58317,39274,10034,107625,1.4849,0.2555,164.28,3.12,#EA9E28,,
08-IMG_0982,W02,33,local peak,237,1944.6,939.4,1945,939,234.14,156.95,41.0,239,162,46,55490,37196,9717,102403,1.4918,0.2612,163.79,5.28,#EA9D29,,
08-IMG_0982,W02,34,local peak,225,2106.8,1312.3,2107,1312,236.6,159.6,39.52,238,162,42,53236,35909,8893,98038,1.4825,0.2477,166.59,3.49,#EDA028,,
08-IMG_0982,W02,35,local peak,217,1943.8,1082.8,1944,1083,240.25,161.24,42.56,241,162,43,52134,34988,9235,96357,1.4901,0.2639,168.58,4.44,#F0A12B,,
08-IMG_0982,W02,36,local peak,191,2132.7,843.0,2133,843,231.64,154.2,41.39,234,157,43,44244,29453,7905,81602,1.5022,0.2684,161.53,4.76,#E89A29,,
08-IMG_0982,W02,37,local peak,187,2048.6,867.3,2049,867,233.42,156.3,42.64,240,163,49,43649,29229,7974,80852,1.4933,0.2728,163.11,5.91,#E99C2B,,
08-IMG_0982,W02,38,local peak,183,2282.3,1262.1,2282,1262,233.11,156.02,41.9,232,155,41,42660,28551,7667,78878,1.4942,0.2685,162.33,4.43,#E99C2A,,
08-IMG_0982,W02,39,local peak,179,2031.2,1290.8,2031,1291,237.2,159.71,39.92,236,160,40,42459,28588,7146,78193,1.4852,0.25,166.79,2.87,#EDA028,,
08-IMG_0982,W03,1,broad,7608,676.2,2035.1,676,2034,234.08,162.07,39.45,231,159,38,1780914,1233042,300137,3314093,1.4443,0.2434,168.21,3.77,#EAA227,,
08-IMG_0982,W03,2,broad,2967,903.1,2377.8,903,2378,230.74,161.32,40.73,235,166,45,684591,478625,120838,1284054,1.4303,0.2525,167.0,3.7,#E7A129,,
08-IMG_0982,W03,3,broad,2792,1019.8,2294.7,1023,2295,232.38,162.36,40.21,228,158,37,648812,453296,112271,1214379,1.4313,0.2477,167.99,4.14,#E8A228,,
08-IMG_0982,W03,4,broad,2241,739.0,2355.0,739,2355,229.45,159.76,41.12,229,160,41,514204,358025,92139,964368,1.4362,0.2574,165.39,3.03,#E5A029,,
08-IMG_0982,W03,5,broad,1784,903.2,2154.3,903,2152,232.39,160.49,40.2,226,154,33,414580,286320,71717,772617,1.448,0.2505,166.32,4.15,#E8A028,,
08-IMG_0982,W03,6,broad,1605,639.7,2199.7,640,2200,231.52,161.0,40.86,229,159,37,371586,258404,65577,695567,1.438,0.2538,166.72,4.21,#E8A129,,
08-IMG_0982,W03,7,broad,1408,626.5,2152.9,624,2155,232.1,160.81,40.88,226,154,36,326792,226426,57566,610784,1.4433,0.2542,166.67,3.97,#E8A129,,
08-IMG_0982,W03,8,broad,1104,824.2,2381.3,824,2382,229.18,160.24,42.03,237,168,51,253016,176901,46402,476319,1.4303,0.2623,165.5,3.61,#E5A02A,,
08-IMG_0982,W03,9,broad,949,984.5,1989.5,984,1990,233.78,159.48,39.39,233,159,38,221857,151349,37381,410587,1.4659,0.247,165.81,3.56,#EA9F27,,
08-IMG_0982,W03,10,broad,910,773.4,1946.3,773,1946,235.28,161.02,39.97,238,164,41,214102,146529,36369,397000,1.4612,0.2482,167.46,4.12,#EBA128,,
08-IMG_0982,W03,11,broad,826,1062.1,2207.8,1065,2208,231.98,160.82,40.03,230,160,39,191613,132835,33064,357512,1.4425,0.2489,166.66,3.71,#E8A128,,
08-IMG_0982,W03,12,broad,771,789.0,2368.2,789,2368,228.81,159.64,40.48,232,162,41,176411,123080,31210,330701,1.4333,0.2536,164.98,3.07,#E5A028,,
08-IMG_0982,W03,13,broad,724,1053.0,2131.5,1053,2132,231.7,159.7,40.38,220,148,28,167753,115624,29237,312614,1.4508,0.2529,165.43,4.04,#E8A028,,
08-IMG_0982,W03,14,broad,718,693.6,2286.6,694,2287,229.86,159.07,40.48,232,161,43,165040,114209,29065,308314,1.4451,0.2545,164.67,2.59,#E69F28,,
08-IMG_0982,W03,15,broad,644,970.9,2350.9,971,2351,231.84,162.08,41.49,224,154,33,149303,104379,26722,280404,1.4304,0.256,167.4,4.52,#E8A229,,
08-IMG_0982,W03,16,broad,629,639.2,2249.7,639,2250,229.69,159.04,39.99,228,158,37,144478,100038,25155,269671,1.4442,0.2515,164.61,2.8,#E69F28,,
08-IMG_0982,W03,17,broad,610,1030.9,2053.5,1031,2054,233.5,159.35,39.3,230,155,36,142437,97201,23975,263613,1.4654,0.2467,165.5,3.8,#EA9F27,,
08-IMG_0982,W03,18,broad,592,688.8,2372.3,689,2372,227.38,158.43,40.46,228,159,42,134609,93793,23951,252353,1.4352,0.2554,164.26,2.02,#E39E28,,
08-IMG_0982,W03,19,broad,495,850.0,1934.6,850,1935,234.46,157.94,39.49,237,160,42,116057,78180,19549,213786,1.4845,0.2501,165.33,3.5,#EA9E27,,
08-IMG_0982,W03,20,broad,478,1071.5,2169.1,1072,2169,231.23,159.23,38.75,234,162,41,110528,76112,18524,205164,1.4522,0.2434,165.13,3.84,#E79F27,,
08-IMG_0982,W03,21,bright core,3722,692.9,2011.4,693,2007,236.88,164.81,40.35,235,161,38,881657,613422,150170,1645249,1.4373,0.2448,170.66,3.74,#EDA528,,
08-IMG_0982,W03,22,bright core,1566,992.0,2321.7,992,2322,235.29,165.49,42.43,233,163,41,368464,259162,66450,694076,1.4218,0.2564,170.83,4.43,#EBA52A,,
08-IMG_0982,W03,23,bright core,970,900.8,2377.3,901,2377,233.86,164.48,43.12,236,167,46,226845,159548,41825,428218,1.4218,0.2621,169.45,3.59,#EAA42B,,
08-IMG_0982,W03,24,bright core,812,629.3,2068.9,629,2069,235.7,163.96,43.18,235,163,42,191388,133134,35060,359582,1.4376,0.2633,169.57,4.46,#ECA42B,,
08-IMG_0982,W03,25,bright core,687,661.2,2197.1,661,2197,234.72,164.27,42.79,237,167,45,161254,112856,29396,303506,1.4288,0.2605,169.73,4.55,#EBA42B,,
08-IMG_0982,W03,26,bright core,573,765.1,1948.3,765,1948,238.31,164.25,42.34,247,173,48,136552,94114,24261,254927,1.4509,0.2578,170.37,4.81,#EEA42A,,
08-IMG_0982,W03,27,bright core,548,639.2,2163.3,639,2163,235.21,163.74,43.04,237,165,44,128897,89731,23584,242212,1.4365,0.2628,169.15,4.52,#EBA42B,,
08-IMG_0982,W03,28,bright core,497,936.0,2364.3,936,2364,233.48,163.75,42.18,234,164,42,116041,81385,20963,218389,1.4258,0.2576,169.2,3.99,#E9A42A,,
08-IMG_0982,W03,29,bright core,484,1051.1,2263.0,1048,2264,233.98,163.98,41.18,237,167,43,113244,79366,19929,212539,1.4269,0.2511,169.05,3.79,#EAA429,,
08-IMG_0982,W03,30,bright core,420,729.7,2375.8,730,2376,232.13,163.13,43.32,230,161,42,97493,68513,18193,184199,1.423,0.2655,168.22,3.1,#E8A32B,,
08-IMG_0982,W03,31,bright core,334,907.0,2146.2,907,2146,235.38,163.72,41.77,241,170,46,78616,54683,13950,147249,1.4377,0.2551,169.01,4.39,#EBA42A,,
08-IMG_0982,W03,32,bright core,258,729.3,1958.3,729,1958,239.74,165.76,42.65,244,170,45,61852,42766,11004,115622,1.4463,0.2573,171.37,5.37,#F0A62B,,
08-IMG_0982,W03,33,local peak,541,663.4,2191.3,663,2191,236.01,165.32,44.16,232,162,41,127682,89440,23890,241012,1.4276,0.2671,170.51,5.16,#ECA52C,,
08-IMG_0982,W03,34,local peak,469,761.9,1946.0,762,1946,239.49,165.46,43.06,236,162,37,112321,77602,20193,210116,1.4474,0.2602,171.45,5.21,#EFA52B,,
08-IMG_0982,W03,35,local peak,353,771.4,2003.5,771,2004,233.38,161.35,41.49,238,166,45,82382,56955,14645,153982,1.4464,0.2571,167.27,5.8,#E9A129,,
08-IMG_0982,W03,36,local peak,337,964.2,2016.4,964,2016,235.64,161.22,41.95,234,159,40,79412,54331,14137,147880,1.4616,0.2602,167.27,5.41,#ECA12A,,
08-IMG_0982,W03,37,local peak,319,1009.4,2301.3,1009,2301,241.26,172.47,45.96,255,187,60,76963,55018,14661,146642,1.3989,0.2665,177.06,6.68,#F1AC2E,,
08-IMG_0982,W03,38,local peak,307,663.8,1998.9,664,1999,244.56,173.68,48.47,243,172,48,75080,53321,14880,143281,1.4081,0.2791,177.44,6.61,#F5AE30,,
08-IMG_0982,W03,39,local peak,271,1047.0,2222.6,1047,2223,236.32,165.72,44.75,235,165,44,64043,44909,12126,121078,1.4261,0.27,170.19,5.58,#ECA62D,,
08-IMG_0982,W03,40,local peak,267,624.9,2117.9,625,2118,238.93,167.13,45.7,236,165,41,63795,44624,12201,120620,1.4296,0.2734,172.03,6.24,#EFA72E,,
08-IMG_0982,W03,41,local peak,251,1008.3,2249.6,1008,2250,235.98,164.66,44.39,233,163,41,59230,41329,11141,111700,1.4331,0.2696,169.45,6.48,#ECA52C,,
08-IMG_0982,W03,42,local peak,237,594.9,2139.7,594,2140,233.89,162.62,43.46,233,161,43,55431,38541,10299,104271,1.4382,0.2672,168.02,4.45,#EAA32B,,
08-IMG_0982,W03,43,local peak,230,998.3,1995.9,998,1996,236.51,162.15,42.06,238,164,43,54397,37295,9674,101366,1.4586,0.2594,168.0,3.83,#EDA22A,,
08-IMG_0982,W03,44,local peak,225,789.1,1976.6,789,1977,236.5,162.68,42.0,239,165,44,53213,36602,9451,99266,1.4538,0.2582,167.82,6.09,#EDA32A,,
08-IMG_0982,W03,45,local peak,222,815.6,1977.5,816,1978,236.79,162.56,43.53,233,158,39,52568,36089,9663,98320,1.4566,0.2678,167.42,6.91,#EDA32C,,
08-IMG_0982,W03,46,local peak,200,1046.7,2170.8,1047,2171,237.14,165.14,44.9,236,164,44,47428,33028,8980,89436,1.436,0.2719,169.79,6.27,#EDA52D,,
08-IMG_0982,W03,47,local peak,197,707.6,1970.7,708,1971,240.19,166.1,42.94,240,166,41,47317,32722,8459,88498,1.446,0.2585,171.86,4.26,#F0A62B,,
08-IMG_0982,W03,48,local peak,190,985.2,2329.8,983,2331,239.2,169.27,46.01,235,165,41,45448,32162,8741,86351,1.4131,0.2718,173.63,4.2,#EFA92E,,
08-IMG_0982,W04,1,broad,23416,1980.1,2176.8,1980,2177,230.09,158.21,37.09,232,160,39,5387811,3704531,868383,9960725,1.4544,0.2344,164.6,3.44,#E69E25,,
08-IMG_0982,W04,2,broad,3061,2175.9,1971.4,2174,1973,230.16,155.04,38.29,227,152,37,704532,474568,117198,1296298,1.4846,0.247,161.92,4.11,#E69B26,,
08-IMG_0982,W04,3,broad,2118,2035.3,2344.2,2035,2344,226.23,154.2,38.53,227,154,39,479159,326600,81614,887373,1.4671,0.2499,160.33,2.96,#E29A27,,
08-IMG_0982,W04,4,broad,1310,2266.7,2001.5,2267,2002,230.09,153.87,38.47,241,164,48,301421,201568,50390,553379,1.4954,0.25,161.13,3.74,#E69A26,,
08-IMG_0982,W04,5,broad,1090,2040.5,1987.1,2040,1987,229.81,154.65,39.15,229,154,37,250496,168572,42678,461746,1.486,0.2532,161.77,3.7,#E69B27,,
08-IMG_0982,W04,6,broad,759,2071.2,2316.2,2071,2316,228.12,155.52,39.93,229,157,39,173140,118036,30310,321486,1.4668,0.2568,161.65,4.15,#E49C28,,
08-IMG_0982,W04,7,broad,404,2292.8,2044.2,2291,2044,229.99,154.83,39.78,229,154,37,92914,62553,16072,171539,1.4854,0.2569,161.6,4.41,#E69B28,,
08-IMG_0982,W04,8,broad,374,2116.8,2119.2,2117,2119,228.26,153.0,38.8,230,155,40,85371,57222,14511,157104,1.4919,0.2536,159.95,3.13,#E49927,,
08-IMG_0982,W04,9,broad,330,2087.3,1962.6,2087,1962,230.0,154.97,38.4,226,151,34,75899,51140,12673,139712,1.4841,0.2478,161.76,4.56,#E69B26,,
08-IMG_0982,W04,10,broad,256,2199.3,2081.9,2199,2082,228.05,152.4,39.98,227,151,39,58381,39015,10236,107632,1.4964,0.2624,159.39,3.15,#E49828,,
08-IMG_0982,W04,11,broad,242,2099.0,1948.0,2099,1948,231.95,156.58,38.59,237,162,45,56133,37893,9338,103364,1.4814,0.2464,163.85,4.42,#E89D27,,
08-IMG_0982,W04,12,broad,229,2335.0,2033.8,2335,2034,229.61,153.99,40.99,230,154,42,52580,35263,9386,97229,1.4911,0.2662,161.33,3.89,#E69A29,,
08-IMG_0982,W04,13,broad,228,2239.9,1973.6,2240,1974,229.73,154.39,38.98,230,155,40,52378,35201,8887,96466,1.488,0.2525,161.45,4.27,#E69A27,,
08-IMG_0982,W04,14,broad,227,2144.5,2021.6,2144,2022,228.93,153.71,39.12,232,157,42,51968,34892,8880,95740,1.4894,0.2545,160.05,3.47,#E59A27,,
08-IMG_0982,W04,15,broad,221,2121.7,2222.7,2121,2223,227.29,154.29,40.3,227,154,39,50230,34097,8906,93233,1.4732,0.2612,159.96,3.96,#E39A28,,
08-IMG_0982,W04,16,broad,171,2346.4,2118.0,2346,2118,226.46,153.46,40.66,231,158,45,38725,26242,6953,71920,1.4757,0.265,160.32,3.88,#E29929,,
08-IMG_0982,W04,17,broad,170,2315.1,2078.3,2315,2078,230.77,156.09,41.37,234,159,44,39231,26535,7033,72799,1.4785,0.265,163.17,4.47,#E79C29,,
08-IMG_0982,W04,18,broad,147,2395.3,2170.1,2395,2170,226.18,153.28,42.28,224,151,40,33248,22532,6215,61995,1.4756,0.2758,159.19,3.61,#E2992A,,
08-IMG_0982,W04,19,bright core,12440,1968.1,2172.3,1968,2172,233.62,162.16,39.69,232,161,37,2906254,2017304,493767,5417325,1.4407,0.2448,167.88,3.63,#EAA228,,
08-IMG_0982,W04,20,bright core,454,1984.7,2306.1,1985,2306,231.4,161.35,40.09,229,159,38,105055,73254,18200,196509,1.4341,0.2485,166.68,3.8,#E7A128,,
08-IMG_0982,W04,21,bright core,332,2163.3,1981.6,2160,1982,235.21,160.3,42.01,230,155,38,78089,53221,13947,145257,1.4673,0.2621,166.01,4.32,#EBA02A,,
08-IMG_0982,W04,22,bright core,299,2001.5,2089.4,2002,2089,235.38,161.99,40.85,239,165,44,70378,48434,12213,131025,1.4531,0.2522,168.12,4.49,#EBA229,,
08-IMG_0982,W04,23,bright core,225,2010.1,2276.6,2010,2277,232.27,160.24,40.2,239,167,46,52261,36054,9044,97359,1.4495,0.2508,166.03,3.38,#E8A028,,
08-IMG_0982,W04,24,bright core,222,2019.7,1987.8,2020,1987,233.61,158.27,41.87,230,155,38,51862,35137,9295,96294,1.476,0.2645,165.18,3.46,#EA9E2A,,
08-IMG_0982,W04,25,bright core,194,2104.8,1946.8,2106,1946,235.25,159.91,41.25,236,161,44,45638,31022,8002,84662,1.4711,0.2579,166.68,4.59,#EBA029,,
08-IMG_0982,W04,26,bright core,157,2199.3,1980.4,2199,1980,236.16,161.16,42.8,239,164,45,37077,25302,6719,69098,1.4654,0.2656,166.94,4.76,#ECA12B,,
08-IMG_0982,W04,27,bright core,157,1997.0,2357.5,1997,2358,230.25,159.16,41.71,231,160,42,36149,24988,6549,67686,1.4467,0.2621,165.23,3.08,#E69F2A,,
08-IMG_0982,W04,28,bright core,153,1931.9,2129.2,1932,2129,236.71,165.58,40.79,236,165,39,36216,25333,6241,67790,1.4296,0.2464,171.31,5.33,#EDA629,,
08-IMG_0982,W04,29,bright core,146,2205.8,1950.8,2206,1951,234.62,159.62,42.75,241,166,49,34255,23305,6241,63801,1.4699,0.2678,165.66,4.27,#EBA02B,,
08-IMG_0982,W04,30,bright core,139,2246.1,1991.3,2246,1991,236.02,159.29,43.22,240,163,45,32807,22142,6007,60956,1.4817,0.2713,165.95,5.05,#EC9F2B,,
08-IMG_0982,W04,31,local peak,581,2326.5,2259.6,2326,2260,226.31,153.96,41.9,221,149,38,131484,89448,24341,245273,1.4699,0.2721,160.15,6.59,#E29A2A,,
08-IMG_0982,W04,32,local peak,578,2321.1,2076.4,2321,2076,230.71,156.09,41.9,231,156,41,133348,90221,24221,247790,1.478,0.2685,162.93,5.61,#E79C2A,,
08-IMG_0982,W04,33,local peak,392,1939.3,2097.4,1939,2097,238.97,167.97,42.8,242,171,45,93677,65843,16779,176299,1.4227,0.2548,172.89,5.13,#EFA82B,,
08-IMG_0982,W04,34,local peak,391,2020.6,1987.2,2021,1987,232.85,157.31,41.32,231,156,39,91043,61509,16158,168710,1.4802,0.2627,164.24,3.99,#E99D29,,
08-IMG_0982,W04,35,local peak,388,2130.5,2349.8,2130,2350,234.44,163.18,48.78,238,167,49,90963,63312,18925,173200,1.4367,0.2989,167.93,9.32,#EAA331,,
08-IMG_0982,W04,36,local peak,379,2239.1,1974.8,2239,1974,234.08,157.96,42.74,232,157,40,88717,59866,16197,164780,1.4819,0.2706,164.21,5.23,#EA9E2B,,
08-IMG_0982,W04,37,local peak,362,2361.8,2058.0,2362,2058,233.16,158.2,41.67,241,166,49,84403,57267,15085,156755,1.4739,0.2634,164.19,6.07,#E99E2A,,
08-IMG_0982,W04,38,local peak,338,2071.9,2326.4,2072,2326,230.36,157.93,41.43,229,157,39,77861,53379,14003,145243,1.4586,0.2623,163.86,4.58,#E69E29,,
08-IMG_0982,W04,39,local peak,337,2108.3,1946.9,2108,1947,235.21,159.8,41.31,231,156,37,79266,53853,13921,147040,1.4719,0.2585,166.42,5.22,#EBA029,,
08-IMG_0982,W04,40,local peak,336,2302.3,2021.9,2302,2022,236.16,160.6,42.94,239,165,44,79349,53962,14427,147738,1.4705,0.2674,166.73,6.41,#ECA12B,,
08-IMG_0982,W04,41,local peak,331,1987.2,2027.1,1987,2027,239.15,165.06,42.59,239,165,40,79157,54635,14096,147888,1.4488,0.258,170.69,5.65,#EFA52B,,
08-IMG_0982,W04,42,local peak,310,2398.4,2165.3,2397,2165,224.97,151.8,41.41,222,149,38,69741,47058,12836,129635,1.482,0.2728,158.06,3.93,#E19829,,
08-IMG_0982,W04,43,local peak,281,2009.8,2136.1,2010,2136,237.22,165.76,42.18,240,169,45,66659,46578,11852,125089,1.4311,0.2545,171.29,4.46,#EDA62A,,
08-IMG_0982,W04,44,local peak,268,1931.8,2133.1,1932,2133,240.26,169.25,44.0,241,170,44,64389,45359,11793,121541,1.4195,0.26,174.08,6.05,#F0A92C,,
08-IMG_0982,W04,45,local peak,239,1996.1,2252.2,1996,2252,237.77,166.51,43.21,238,167,43,56828,39796,10327,106951,1.428,0.2595,171.69,4.47,#EEA72B,,
08-IMG_0982,W04,46,local peak,233,2245.1,2379.5,2245,2380,223.64,152.22,42.14,223,151,40,52109,35468,9818,97395,1.4692,0.2768,158.23,3.93,#E0982A,,
09-IMG_0980,W01,1,broad,28251,892.2,791.6,892,792,208.54,171.41,39.5,209,172,39,5891473,4842386,1116032,11849891,1.2166,0.2305,169.49,2.11,#D1AB28,,
09-IMG_0980,W01,2,broad,1499,724.7,597.0,725,597,207.61,170.59,40.02,209,172,42,311202,255718,59996,626916,1.217,0.2346,168.42,2.24,#D0AB28,,
09-IMG_0980,W01,3,broad,1298,953.0,643.9,953,644,208.91,171.02,40.47,208,169,38,271159,221981,52526,545666,1.2215,0.2366,169.06,2.58,#D1AB28,,
09-IMG_0980,W01,4,broad,1072,797.2,921.1,797,921,209.07,170.23,41.15,212,173,42,224127,182487,44110,450724,1.2282,0.2417,168.59,2.67,#D1AA29,,
09-IMG_0980,W01,5,broad,814,690.2,629.1,690,629,207.75,170.7,40.57,208,171,41,169109,138947,33026,341082,1.2171,0.2377,168.42,2.38,#D0AB29,,
09-IMG_0980,W01,6,broad,474,857.6,605.8,858,606,208.04,171.01,40.38,209,172,42,98613,81059,19140,198812,1.2166,0.2361,168.75,2.7,#D0AB28,,
09-IMG_0980,W01,7,broad,460,787.5,623.5,787,623,207.31,169.75,39.99,207,168,39,95361,78084,18396,191841,1.2213,0.2356,167.96,1.87,#CFAA28,,
09-IMG_0980,W01,8,broad,441,782.3,874.1,782,874,208.99,170.22,39.49,209,170,41,92164,75067,17416,184647,1.2278,0.232,168.41,2.46,#D1AA27,,
09-IMG_0980,W01,9,broad,396,657.3,642.5,657,643,208.24,171.04,40.89,207,170,38,82465,67731,16193,166389,1.2175,0.2391,168.8,2.55,#D0AB29,,
09-IMG_0980,W01,10,broad,358,748.9,877.1,749,877,209.09,170.09,40.34,208,169,40,74853,60893,14441,150187,1.2293,0.2372,168.27,2.4,#D1AA28,,
09-IMG_0980,W01,11,broad,318,998.3,672.9,998,673,208.7,169.99,42.73,206,167,40,66367,54056,13587,134010,1.2277,0.2514,168.42,2.47,#D1AA2B,,
09-IMG_0980,W01,12,broad,282,900.7,623.2,903,621,208.11,170.57,42.1,208,170,43,58688,48102,11873,118663,1.2201,0.2468,168.45,2.46,#D0AB2A,,
09-IMG_0980,W01,13,broad,213,756.4,824.9,756,825,208.71,170.21,40.51,208,169,40,44456,36254,8628,89338,1.2262,0.238,168.24,2.63,#D1AA29,,
09-IMG_0980,W01,14,broad,209,755.2,660.3,755,660,207.75,170.73,39.78,208,171,39,43419,35683,8314,87416,1.2168,0.233,168.53,2.55,#D0AB28,,
09-IMG_0980,W01,15,broad,205,816.8,888.6,817,889,208.33,169.33,38.52,208,169,38,42707,34712,7897,85316,1.2303,0.2275,167.74,1.68,#D0A927,,
09-IMG_0980,W01,16,broad,186,845.3,907.5,845,908,208.53,169.53,40.16,207,168,39,38786,31532,7470,77788,1.2301,0.2369,167.87,2.11,#D1AA28,,
09-IMG_0980,W01,17,broad,167,816.6,612.5,817,613,208.32,170.37,41.13,210,173,43,34790,28451,6869,70110,1.2228,0.2414,168.33,2.85,#D0AA29,,
09-IMG_0980,W01,18,broad,166,738.4,843.7,738,844,209.44,170.44,41.48,208,169,40,34767,28293,6885,69945,1.2288,0.2433,168.5,2.82,#D1AA29,,
09-IMG_0980,W01,19,broad,149,771.7,788.4,772,788,208.22,170.95,41.77,212,175,45,31025,25471,6224,62720,1.2181,0.2444,168.37,2.61,#D0AB2A,,
09-IMG_0980,W01,20,broad,144,768.2,690.8,768,691,208.69,171.68,40.81,210,173,41,30052,24722,5876,60650,1.2156,0.2377,169.17,2.83,#D1AC29,,
09-IMG_0980,W01,21,bright core,6092,932.6,770.3,933,770,210.34,173.31,40.65,210,173,40,1281393,1055799,247662,2584854,1.2137,0.2346,171.15,2.12,#D2AD29,,
09-IMG_0980,W01,22,bright core,1686,868.2,879.1,868,879,210.28,173.41,40.79,207,170,37,354537,292370,68766,715673,1.2126,0.2352,171.26,2.07,#D2AD29,,
09-IMG_0980,W01,23,bright core,1128,942.4,839.8,942,840,210.2,173.24,40.98,208,171,38,237106,195416,46226,478748,1.2133,0.2366,171.13,2.3,#D2AD29,,
09-IMG_0980,W01,24,bright core,641,813.3,806.8,813,807,210.38,173.38,41.79,211,174,42,134851,111136,26787,272774,1.2134,0.241,171.06,2.4,#D2AD2A,,
09-IMG_0980,W01,25,bright core,442,981.9,771.1,982,771,210.78,173.77,42.54,209,172,40,93165,76807,18802,188774,1.213,0.2448,171.78,2.75,#D3AE2B,,
09-IMG_0980,W01,26,bright core,414,886.5,757.0,888,758,209.89,172.9,40.4,209,172,40,86894,71580,16724,175198,1.2139,0.2336,170.61,1.87,#D2AD28,,
09-IMG_0980,W01,27,bright core,398,864.7,797.6,865,798,210.0,173.0,41.03,211,174,42,83580,68854,16331,168765,1.2139,0.2372,170.55,1.96,#D2AD29,,
09-IMG_0980,W01,28,bright core,381,846.6,773.7,847,774,209.61,172.61,41.1,208,171,41,79863,65764,15659,161286,1.2144,0.2381,170.2,2.07,#D2AD29,,
09-IMG_0980,W01,29,bright core,371,938.7,646.4,939,646,211.42,173.95,42.2,213,176,44,78435,64536,15655,158626,1.2154,0.2426,171.52,2.83,#D3AE2A,,
09-IMG_0980,W01,30,bright core,271,907.0,890.6,907,891,209.56,172.56,40.07,209,172,40,56791,46764,10858,114413,1.2144,0.2322,170.43,2.32,#D2AD28,,
09-IMG_0980,W01,31,bright core,256,818.4,748.8,818,749,210.02,173.02,41.62,212,175,43,53766,44294,10654,108714,1.2138,0.2405,170.73,2.34,#D2AD2A,,
09-IMG_0980,W01,32,bright core,214,899.8,912.0,900,912,211.31,174.24,42.6,208,171,41,45221,37288,9117,91626,1.2127,0.2445,171.78,3.24,#D3AE2B,,
09-IMG_0980,W01,33,local peak,455,780.6,938.8,781,939,211.65,173.16,46.97,213,176,46,96299,78787,21372,196458,1.2223,0.2713,171.31,4.42,#D4AD2F,,
09-IMG_0980,W01,34,local peak,361,705.1,878.9,708,879,210.07,172.7,43.66,211,174,44,75834,62346,15762,153942,1.2163,0.2528,170.07,3.67,#D2AD2C,,
09-IMG_0980,W01,35,local peak,338,905.4,915.4,905,915,210.43,173.27,43.57,213,175,48,71125,58564,14728,144417,1.2145,0.2515,170.68,3.82,#D2AD2C,,
09-IMG_0980,W01,36,local peak,315,694.8,551.1,695,551,212.78,175.4,46.16,220,183,53,67026,55250,14541,136817,1.2131,0.2632,171.99,5.43,#D5AF2E,,
09-IMG_0980,W01,37,local peak,280,731.9,928.0,732,928,209.81,171.51,48.16,207,169,44,58746,48022,13484,120252,1.2233,0.2808,169.22,4.32,#D2AC30,,
09-IMG_0980,W01,38,local peak,271,866.6,544.3,867,544,212.12,174.74,45.83,208,171,41,57485,47354,12420,117259,1.2139,0.2623,172.1,6.79,#D4AF2E,,
09-IMG_0980,W01,39,local peak,256,633.1,754.0,633,754,210.96,172.04,45.22,213,174,47,54007,44043,11577,109627,1.2262,0.2629,168.94,4.16,#D3AC2D,,
09-IMG_0980,W01,40,local peak,247,657.2,670.5,657,671,215.93,178.63,47.87,225,188,56,53335,44121,11823,109279,1.2088,0.268,175.65,6.94,#D8B330,,
09-IMG_0980,W01,41,local peak,240,925.1,573.3,925,573,209.8,170.9,45.75,208,170,43,50352,41016,10979,102347,1.2276,0.2677,168.78,4.5,#D2AB2E,,
09-IMG_0980,W01,42,local peak,199,969.8,820.7,970,821,213.69,176.69,45.87,218,181,51,42524,35161,9129,86814,1.2094,0.2596,173.63,3.56,#D6B12E,,
09-IMG_0980,W01,43,local peak,184,833.0,539.5,833,539,208.93,171.61,42.4,208,171,41,38443,31577,7801,77821,1.2174,0.247,169.01,3.46,#D1AC2A,,
09-IMG_0980,W01,44,local peak,181,932.2,648.9,932,649,212.59,175.59,43.56,211,174,42,38479,31782,7884,78145,1.2107,0.2481,172.69,3.29,#D5B02C,,
09-IMG_0980,W01,45,local peak,178,983.6,776.7,984,777,214.58,177.42,46.33,219,182,50,38195,31581,8247,78023,1.2094,0.2611,174.84,3.64,#D7B12E,,
09-IMG_0980,W01,46,local peak,173,815.7,940.6,816,941,209.14,170.37,44.62,205,166,39,36181,29474,7720,73375,1.2276,0.2619,168.63,2.93,#D1AA2D,,
09-IMG_0980,W01,47,local peak,171,657.9,881.9,658,882,207.58,169.48,45.95,211,173,48,35497,28981,7858,72336,1.2248,0.2711,167.41,3.98,#D0A92E,,
09-IMG_0980,W01,48,local peak,170,856.6,611.0,857,610,209.25,172.25,41.17,210,173,40,35573,29283,6999,71855,1.2148,0.239,169.82,2.88,#D1AC29,,
09-IMG_0980,W02,1,broad,27348,2116.6,815.4,2116,819,209.01,175.24,39.82,208,174,38,5716079,4792560,1088965,11597604,1.1927,0.2272,172.39,1.69,#D1AF28,,
09-IMG_0980,W02,2,broad,1969,2216.1,887.8,2216,888,208.93,175.04,40.99,213,179,45,411391,344658,80709,836758,1.1936,0.2342,172.12,2.05,#D1AF29,,
09-IMG_0980,W02,3,broad,1644,2006.0,738.5,2012,743,208.37,174.33,41.03,209,175,42,342565,286597,67450,696612,1.1953,0.2353,171.5,1.55,#D0AE29,,
09-IMG_0980,W02,4,broad,818,2254.6,783.6,2258,786,208.43,174.43,40.28,208,174,40,170498,142682,32951,346131,1.195,0.2309,171.59,1.59,#D0AE28,,
09-IMG_0980,W02,5,broad,811,1962.1,734.4,1959,738,208.59,174.49,41.59,208,174,41,169164,141508,33732,344404,1.1954,0.2384,171.61,1.56,#D1AE2A,,
09-IMG_0980,W02,6,broad,627,2044.2,766.3,2044,766,208.65,174.65,40.21,207,173,37,130825,109507,25212,265544,1.1947,0.2302,171.67,1.93,#D1AF28,,
09-IMG_0980,W02,7,broad,348,2044.0,712.2,2044,712,208.31,174.23,40.99,207,173,40,72491,60631,14263,147385,1.1956,0.2352,171.24,1.64,#D0AE29,,
09-IMG_0980,W02,8,broad,289,2205.6,690.4,2207,692,208.27,174.27,40.27,206,172,38,60189,50363,11637,122189,1.1951,0.2311,171.39,1.6,#D0AE28,,
09-IMG_0980,W02,9,broad,270,1915.1,729.0,1915,729,209.06,175.04,41.38,210,176,42,56445,47260,11173,114878,1.1944,0.2364,172.14,2.18,#D1AF29,,
09-IMG_0980,W02,10,broad,252,2240.3,698.8,2240,699,208.59,174.59,40.04,208,174,40,52565,43997,10091,106653,1.1947,0.2294,171.53,1.78,#D1AF28,,
09-IMG_0980,W02,11,broad,227,1954.9,787.9,1955,788,209.59,175.28,43.2,207,173,40,47577,39788,9806,97171,1.1958,0.2465,172.02,2.16,#D2AF2B,,
09-IMG_0980,W02,12,broad,206,2277.6,776.6,2277,777,208.24,174.24,41.05,207,173,40,42898,35894,8456,87248,1.1951,0.2356,171.26,1.49,#D0AE29,,
09-IMG_0980,W02,13,broad,177,2269.6,734.8,2270,735,208.18,174.18,40.27,208,174,40,36847,30829,7128,74804,1.1952,0.2312,171.08,1.65,#D0AE28,,
09-IMG_0980,W02,14,broad,170,1957.7,674.2,1958,674,208.99,174.68,42.65,208,174,41,35528,29695,7250,72473,1.1964,0.2441,171.46,2.01,#D1AF2B,,
09-IMG_0980,W02,15,broad,166,1955.4,761.6,1955,762,208.54,174.54,41.33,210,176,42,34618,28974,6861,70453,1.1948,0.2368,171.4,1.84,#D1AF29,,
09-IMG_0980,W02,16,broad,143,2026.9,692.7,2027,692,209.59,175.48,42.12,207,173,40,29971,25094,6023,61088,1.1943,0.24,172.28,2.45,#D2AF2A,,
09-IMG_0980,W02,17,broad,140,2170.7,671.8,2171,672,208.68,174.68,40.84,206,172,38,29215,24455,5718,59388,1.1946,0.2338,171.45,2.08,#D1AF29,,
09-IMG_0980,W02,18,broad,138,2156.3,939.5,2156,939,209.93,175.93,43.02,211,177,44,28970,24278,5937,59185,1.1933,0.2445,172.92,2.48,#D2B02B,,
09-IMG_0980,W02,19,bright core,6082,2092.9,881.9,2090,879,210.92,177.02,41.44,211,177,41,1282796,1076646,252057,2611499,1.1915,0.2341,173.95,2.0,#D3B129,,
09-IMG_0980,W02,20,bright core,1154,2187.9,804.0,2188,804,209.82,176.92,41.1,212,180,43,242134,204166,47435,493735,1.186,0.2323,173.73,1.76,#D2B129,,
09-IMG_0980,W02,21,bright core,1006,2072.2,817.8,2072,818,210.41,176.47,40.58,209,175,39,211671,177527,40825,430023,1.1923,0.23,173.53,1.57,#D2B029,,
09-IMG_0980,W02,22,bright core,549,2153.1,748.2,2153,748,210.48,176.68,40.88,210,176,40,115551,96997,22441,234989,1.1913,0.2314,173.65,1.93,#D2B129,,
09-IMG_0980,W02,23,bright core,512,2189.2,879.7,2189,880,211.74,177.78,42.71,212,178,44,108413,91024,21870,221307,1.191,0.2403,174.7,2.47,#D4B22B,,
09-IMG_0980,W02,24,bright core,331,2154.2,811.5,2154,811,210.31,177.16,40.95,207,175,38,69614,58640,13554,141808,1.1871,0.2311,173.71,1.81,#D2B129,,
09-IMG_0980,W02,25,bright core,319,2130.2,796.2,2130,795,210.52,176.8,40.52,208,174,38,67156,56398,12926,136480,1.1908,0.2292,173.46,1.7,#D3B129,,
09-IMG_0980,W02,26,bright core,316,2107.2,854.5,2107,854,211.1,177.3,41.2,214,180,44,66708,56028,13020,135756,1.1906,0.2324,173.95,1.68,#D3B129,,
09-IMG_0980,W02,27,bright core,263,2212.1,905.2,2212,905,210.82,176.83,42.88,209,175,42,55446,46506,11277,113229,1.1922,0.2425,173.46,2.44,#D3B12B,,
09-IMG_0980,W02,28,bright core,257,2153.0,683.4,2153,683,210.81,176.88,41.32,211,177,41,54178,45458,10618,110254,1.1918,0.2336,173.5,2.26,#D3B129,,
09-IMG_0980,W02,29,bright core,245,2024.2,889.7,2024,890,210.91,176.83,43.84,210,176,43,51673,43324,10742,105739,1.1927,0.2479,173.64,1.9,#D3B12C,,
09-IMG_0980,W02,30,bright core,207,2189.6,912.6,2190,913,211.26,177.08,43.88,213,179,43,43730,36656,9084,89470,1.193,0.2478,173.63,2.25,#D3B12C,,
09-IMG_0980,W02,31,local peak,364,2149.6,952.1,2150,952,209.58,175.2,45.18,209,175,42,76286,63774,16447,156507,1.1962,0.2579,172.42,3.55,#D2AF2D,,
09-IMG_0980,W02,32,local peak,194,1912.3,670.5,1912,670,212.12,174.96,48.42,211,174,44,41151,33943,9394,84488,1.2124,0.2768,172.57,4.14,#D4AF30,,
09-IMG_0980,W02,33,local peak,190,1934.7,861.2,1935,861,209.05,172.31,54.59,205,169,49,39720,32738,10373,82831,1.2133,0.3168,170.97,3.59,#D1AC37,,
09-IMG_0980,W02,34,local peak,177,2009.6,615.7,2010,616,211.86,176.82,46.83,211,176,46,37500,31297,8289,77086,1.1982,0.2648,173.69,3.67,#D4B12F,,
09-IMG_0980,W02,35,local peak,172,2226.1,923.6,2226,924,210.52,175.51,47.9,218,183,55,36209,30187,8239,74635,1.1995,0.2729,172.63,4.57,#D3B030,,
09-IMG_0980,W02,36,local peak,171,2185.2,944.0,2185,944,207.9,175.0,42.94,204,171,38,35551,29925,7342,72818,1.188,0.2453,171.62,3.16,#D0AF2B,,
09-IMG_0980,W02,37,local peak,169,2100.8,573.7,2101,574,209.25,174.0,47.96,207,172,46,35364,29406,8105,72875,1.2026,0.2756,171.25,3.67,#D1AE30,,
09-IMG_0980,W02,38,local peak,151,2044.2,909.2,2044,909,215.38,181.36,47.81,217,183,49,32522,27385,7220,67127,1.1876,0.2636,178.02,3.71,#D7B530,,
09-IMG_0980,W02,39,local peak,127,1966.1,848.3,1966,848,214.57,178.16,52.14,216,178,53,27250,22626,6622,56498,1.2044,0.2927,174.98,3.6,#D7B234,,
09-IMG_0980,W02,40,local peak,122,1874.5,744.7,1875,745,214.87,178.49,59.69,218,182,60,26214,21776,7282,55272,1.2038,0.3344,174.23,7.15,#D7B23C,,
09-IMG_0980,W02,41,local peak,121,2020.6,936.0,2021,936,210.83,175.83,47.65,214,179,51,25510,21276,5766,52552,1.199,0.271,172.77,4.06,#D3B030,,
09-IMG_0980,W02,42,local peak,112,1953.3,876.0,1953,876,213.96,177.96,55.38,218,182,59,23963,19931,6202,50096,1.2023,0.3112,174.3,3.83,#D6B237,,
09-IMG_0980,W02,43,local peak,110,2295.5,721.5,2295,721,208.39,174.28,41.6,206,172,39,22923,19171,4576,46670,1.1957,0.2387,170.93,3.95,#D0AE2A,,
09-IMG_0980,W02,44,local peak,104,1956.7,590.5,1957,591,212.96,175.1,48.13,216,178,51,22148,18210,5006,45364,1.2163,0.2749,172.28,5.88,#D5AF30,,
09-IMG_0980,W02,45,local peak,101,1968.9,625.9,1969,626,210.0,175.38,44.35,209,175,42,21210,17713,4479,43402,1.1974,0.2529,171.61,3.82,#D2AF2C,,
09-IMG_0980,W02,46,local peak,99,1916.1,727.1,1916,727,210.21,176.21,42.27,209,175,41,20811,17445,4185,42441,1.1929,0.2399,173.09,2.12,#D2B02A,,
09-IMG_0980,W03,1,broad,32299,838.1,1834.6,838,1835,203.78,170.98,38.63,199,167,32,6581865,5522399,1247559,13351823,1.1918,0.2259,168.03,2.42,#CCAB27,,
09-IMG_0980,W03,2,broad,2681,746.1,1737.1,747,1737,204.78,170.07,39.68,201,166,36,549024,455951,106394,1111369,1.2041,0.2333,167.49,2.53,#CDAA28,,
09-IMG_0980,W03,3,broad,754,853.5,1689.8,851,1692,204.29,170.26,40.73,204,171,42,154034,128373,30713,313120,1.1999,0.2392,167.16,2.65,#CCAA29,,
09-IMG_0980,W03,4,broad,503,742.2,1949.5,742,1949,203.27,170.24,41.14,202,169,40,102245,85631,20691,208567,1.194,0.2416,167.03,2.6,#CBAA29,,
09-IMG_0980,W03,5,broad,402,974.3,1900.2,974,1900,203.36,170.33,40.08,202,169,38,81750,68471,16114,166335,1.1939,0.2353,167.0,2.51,#CBAA28,,
09-IMG_0980,W03,6,broad,297,821.8,1744.5,822,1744,204.78,171.21,40.3,203,170,39,60819,50848,11968,123635,1.1961,0.2354,167.75,2.88,#CDAB28,,
09-IMG_0980,W03,7,broad,262,779.8,1686.3,780,1686,205.52,170.61,40.41,205,170,40,53847,44701,10587,109135,1.2046,0.2368,167.91,2.59,#CEAB28,,
09-IMG_0980,W03,8,broad,228,731.4,1776.2,731,1776,204.17,171.17,39.33,204,171,38,46550,39026,8968,94544,1.1928,0.2298,167.99,2.78,#CCAB27,,
09-IMG_0980,W03,9,broad,225,699.7,1960.8,700,1961,204.04,170.44,43.2,204,170,44,45910,38350,9720,93980,1.1971,0.2535,167.52,2.99,#CCAA2B,,
09-IMG_0980,W03,10,broad,220,808.8,1708.1,809,1708,205.56,170.74,40.49,205,170,40,45223,37562,8908,91693,1.204,0.2372,167.42,2.82,#CEAB28,,
09-IMG_0980,W03,11,broad,163,733.1,1918.4,733,1918,202.61,169.39,41.04,201,167,41,33025,27611,6689,67325,1.1961,0.2423,166.21,2.37,#CBA929,,
09-IMG_0980,W03,12,broad,144,865.3,1947.7,865,1948,200.91,170.73,41.27,198,168,38,28931,24585,5943,59459,1.1768,0.2417,166.51,2.29,#C9AB29,,
09-IMG_0980,W03,13,broad,143,668.4,1829.5,668,1830,203.78,170.77,41.55,203,170,41,29140,24420,5942,59502,1.1933,0.2433,167.33,2.9,#CCAB2A,,
09-IMG_0980,W03,14,bright core,4964,885.3,1849.9,887,1849,205.84,173.5,39.17,202,170,35,1021774,861254,194453,2077481,1.1864,0.2258,170.19,2.19,#CEAE27,,
09-IMG_0980,W03,15,bright core,1479,812.3,1827.3,811,1826,206.44,174.02,39.91,204,172,37,305332,257382,59025,621739,1.1863,0.2293,170.52,2.9,#CEAE28,,
09-IMG_0980,W03,16,bright core,959,934.1,1734.0,934,1734,206.4,173.55,40.63,207,174,41,197939,166438,38967,403344,1.1893,0.2341,170.13,2.88,#CEAE29,,
09-IMG_0980,W03,17,bright core,669,701.2,1820.3,701,1820,207.04,174.04,41.96,208,175,42,138509,116432,28069,283010,1.1896,0.2411,170.67,2.91,#CFAE2A,,
09-IMG_0980,W03,18,bright core,543,773.5,1830.5,773,1831,206.5,173.59,40.42,210,177,44,112131,94259,21950,228340,1.1896,0.2329,170.16,2.81,#CFAE28,,
09-IMG_0980,W03,19,bright core,461,983.9,1789.8,984,1790,206.51,173.56,41.49,205,172,39,95201,80011,19128,194340,1.1898,0.2391,170.17,2.88,#CFAE29,,
09-IMG_0980,W03,20,bright core,389,937.3,1788.0,937,1788,206.05,173.08,40.52,206,173,40,80152,67328,15763,163243,1.1905,0.2341,169.64,2.81,#CEAD29,,
09-IMG_0980,W03,21,bright core,389,672.0,1891.0,672,1891,205.97,172.97,42.71,207,174,43,80122,67285,16616,164023,1.1908,0.2469,169.84,2.8,#CEAD2B,,
09-IMG_0980,W03,22,bright core,370,754.9,1748.9,755,1749,207.53,172.81,42.05,208,173,43,76787,63941,15559,156287,1.2009,0.2433,169.98,2.75,#D0AD2A,,
09-IMG_0980,W03,23,bright core,364,699.2,1865.2,699,1865,206.24,173.24,40.79,204,171,40,75072,63060,14848,152980,1.1905,0.2355,169.85,2.28,#CEAD29,,
09-IMG_0980,W03,24,bright core,337,678.8,1772.7,679,1773,207.85,173.83,42.74,205,171,38,70044,58580,14405,143029,1.1957,0.2459,170.4,3.18,#D0AE2B,,
09-IMG_0980,W03,25,bright core,273,735.5,1795.7,736,1796,206.68,173.68,40.88,211,178,45,56423,47414,11159,114996,1.19,0.2354,170.0,3.09,#CFAE29,,
09-IMG_0980,W03,26,local peak,713,962.6,1686.3,963,1686,204.39,169.31,47.08,202,167,47,145731,120721,33571,300023,1.2072,0.2781,166.87,4.07,#CCA92F,,
09-IMG_0980,W03,27,local peak,411,793.8,1671.3,794,1671,210.05,175.24,45.36,204,169,39,86330,72024,18643,176997,1.1986,0.2588,172.15,6.11,#D2AF2D,,
09-IMG_0980,W03,28,local peak,381,1026.6,1770.5,1027,1771,206.67,173.22,46.18,210,177,48,78740,65995,17596,162331,1.1931,0.2666,169.54,4.77,#CFAD2E,,
09-IMG_0980,W03,29,local peak,343,897.4,1677.0,897,1677,208.29,173.56,44.39,215,180,50,71444,59532,15226,146202,1.2001,0.2558,170.43,4.9,#D0AE2C,,
09-IMG_0980,W03,30,local peak,327,640.0,1879.9,640,1880,204.35,170.6,43.29,205,171,45,66822,55786,14157,136765,1.1978,0.2538,167.68,3.91,#CCAB2B,,
09-IMG_0980,W03,31,local peak,292,651.8,1764.1,650,1764,204.33,168.8,44.11,204,169,43,59664,49289,12880,121833,1.2105,0.2613,165.86,4.03,#CCA92C,,
09-IMG_0980,W03,32,local peak,277,1001.2,1723.5,1001,1723,206.67,172.7,47.84,213,180,51,57247,47837,13253,118337,1.1967,0.277,169.54,5.18,#CFAD30,,
09-IMG_0980,W03,33,local peak,270,660.7,1800.9,661,1800,207.18,173.43,43.54,205,172,41,55939,46825,11757,114521,1.1946,0.2511,170.09,3.74,#CFAD2C,,
09-IMG_0980,W03,34,local peak,261,1022.9,1735.3,1023,1735,210.18,176.01,52.55,211,178,49,54857,45939,13716,114512,1.1941,0.2986,171.75,8.48,#D2B035,,
09-IMG_0980,W03,35,local peak,242,883.9,1721.3,884,1721,208.41,175.41,42.64,202,169,36,50435,42449,10319,103203,1.1881,0.2431,171.63,3.52,#D0AF2B,,
09-IMG_0980,W03,36,local peak,231,690.3,1698.1,690,1698,204.1,168.93,42.67,201,166,38,47146,39022,9857,96025,1.2082,0.2526,166.09,4.12,#CCA92B,,
09-IMG_0980,W03,37,local peak,204,1016.6,1981.9,1017,1982,207.45,177.11,47.36,216,187,51,42320,36131,9661,88112,1.1713,0.2674,171.78,8.33,#CFB12F,,
09-IMG_0980,W03,38,local peak,196,889.7,1815.6,890,1816,218.53,189.93,54.39,233,205,72,42831,37227,10661,90719,1.1505,0.2864,184.46,10.05,#DBBE36,,
09-IMG_0980,W03,39,local peak,195,646.3,1835.0,646,1835,206.41,171.29,45.38,206,171,45,40250,33401,8849,82500,1.2051,0.2649,168.2,4.52,#CEAB2D,,
09-IMG_0980,W03,40,local peak,178,995.9,2025.0,996,2025,199.74,168.61,43.38,198,167,42,35553,30013,7721,73287,1.1846,0.2573,164.71,4.76,#C8A92B,,
09-IMG_0980,W03,41,local peak,176,911.2,1649.9,911,1650,204.62,168.24,48.14,201,165,45,36013,29611,8473,74097,1.2162,0.2861,165.92,5.66,#CDA830,,
09-IMG_0980,W04,1,broad,35348,2088.2,1718.0,2088,1718,201.74,167.84,39.68,201,168,37,7130961,5932660,1402497,14466118,1.202,0.2364,165.58,2.77,#CAA828,,
09-IMG_0980,W04,2,broad,523,2260.3,1675.1,2260,1675,198.72,162.39,44.52,199,162,45,103933,84929,23283,212145,1.2238,0.2741,160.84,2.68,#C7A22D,,
09-IMG_0980,W04,3,broad,402,2201.1,1612.0,2201,1612,202.41,164.05,43.24,205,166,45,81370,65949,17381,164700,1.2338,0.2636,162.73,3.59,#CAA42B,,
09-IMG_0980,W04,4,broad,297,1939.2,1764.0,1939,1764,198.09,164.23,43.2,199,165,42,58834,48776,12831,120441,1.2062,0.2631,161.17,3.06,#C6A42B,,
09-IMG_0980,W04,5,broad,227,1943.0,1813.2,1943,1813,198.19,163.98,42.26,201,167,44,44988,37223,9594,91805,1.2086,0.2577,161.92,3.33,#C6A42A,,
09-IMG_0980,W04,6,broad,190,1979.5,1840.4,1980,1840,197.4,163.96,42.75,202,170,47,37506,31152,8122,76780,1.204,0.2607,161.34,3.3,#C5A42B,,
09-IMG_0980,W04,7,broad,134,2226.0,1719.5,2226,1719,197.83,162.31,43.78,197,162,42,26509,21749,5866,54124,1.2189,0.2697,160.42,2.86,#C6A22C,,
09-IMG_0980,W04,8,bright core,14924,2064.8,1698.9,2065,1699,205.51,172.3,40.04,205,173,38,3067009,2571429,597605,6236043,1.1927,0.2324,169.44,2.6,#CEAC28,,
09-IMG_0980,W04,9,bright core,420,2181.0,1632.8,2181,1633,206.12,170.74,45.36,205,170,44,86571,71709,19050,177330,1.2073,0.2657,168.17,3.04,#CEAB2D,,
09-IMG_0980,W04,10,bright core,285,2109.2,1732.4,2109,1732,205.65,172.52,42.66,210,177,46,58609,49167,12157,119933,1.192,0.2473,169.31,3.31,#CEAD2B,,
09-IMG_0980,W04,11,bright core,285,2032.9,1803.5,2033,1803,206.24,173.06,44.14,206,172,46,58777,49321,12579,120677,1.1917,0.255,170.3,3.49,#CEAD2C,,
09-IMG_0980,W04,12,bright core,116,2134.9,1702.2,2135,1702,205.19,170.18,43.79,205,170,44,23802,19741,5080,48623,1.2057,0.2573,167.28,3.04,#CDAA2C,,
09-IMG_0980,W04,13,bright core,62,2067.3,1808.5,2067,1808,205.1,171.4,44.45,206,173,44,12716,10627,2756,26099,1.1966,0.2593,167.55,3.7,#CDAB2C,,
09-IMG_0980,W04,14,local peak,833,1938.2,1808.4,1938,1808,198.41,164.79,44.8,201,166,46,165275,137270,37319,339864,1.204,0.2719,162.15,4.21,#C6A52D,,
09-IMG_0980,W04,15,local peak,452,2003.8,1830.2,2005,1829,205.0,172.07,43.36,199,166,37,92659,77775,19597,190031,1.1914,0.252,168.74,3.78,#CDAC2B,,
09-IMG_0980,W04,16,local peak,433,1986.2,1761.1,1986,1761,208.44,175.49,44.55,213,180,47,90255,75988,19291,185534,1.1878,0.2539,172.19,3.98,#D0AF2D,,
09-IMG_0980,W04,17,local peak,433,1995.5,1921.4,1996,1921,195.13,162.53,46.71,196,163,47,84491,70376,20227,175094,1.2006,0.2874,159.88,3.79,#C3A32F,,
09-IMG_0980,W04,18,local peak,402,2008.9,1703.1,2009,1703,210.86,178.05,45.32,207,174,43,84766,71576,18218,174560,1.1843,0.2545,174.29,3.65,#D3B22D,,
09-IMG_0980,W04,19,local peak,387,2053.8,1636.9,2054,1637,207.71,174.33,44.3,210,177,46,80384,67467,17144,164995,1.1915,0.2541,170.94,3.87,#D0AE2C,,
09-IMG_0980,W04,20,local peak,370,2261.7,1621.6,2262,1622,197.0,161.55,46.11,195,159,45,72891,59774,17061,149726,1.2194,0.2854,160.01,3.29,#C5A22E,,
09-IMG_0980,W04,21,local peak,314,2028.9,1871.2,2029,1871,201.91,167.6,45.34,197,163,40,63400,52625,14236,130261,1.2048,0.2705,164.69,3.7,#CAA82D,,
09-IMG_0980,W04,22,local peak,313,2175.9,1612.7,2176,1613,206.34,170.51,47.12,208,172,49,64584,53369,14749,132702,1.2101,0.2764,168.11,4.04,#CEAB2F,,
09-IMG_0980,W04,23,local peak,296,1967.7,1691.6,1968,1692,204.74,168.62,50.95,223,187,64,60604,49912,15082,125598,1.2142,0.3022,166.44,5.05,#CDA933,,
09-IMG_0980,W04,24,local peak,270,2183.5,1796.0,2183,1796,200.57,165.61,46.34,200,165,45,54155,44716,12513,111384,1.2111,0.2798,162.79,4.14,#C9A62E,,
09-IMG_0980,W04,25,local peak,245,1980.0,1791.8,1980,1792,207.27,174.38,46.23,207,174,45,50780,42723,11326,104829,1.1886,0.2651,170.86,4.33,#CFAE2E,,
09-IMG_0980,W04,26,local peak,220,2322.9,1668.6,2323,1669,195.29,158.32,42.92,192,155,38,42964,34830,9442,87236,1.2335,0.2711,156.62,3.81,#C39E2B,,
09-IMG_0980,W04,27,local peak,205,2111.5,1731.5,2111,1731,207.16,174.04,44.4,206,173,42,42467,35679,9101,87247,1.1903,0.2551,170.43,3.56,#CFAE2C,,
09-IMG_0980,W04,28,local peak,203,2033.5,1801.4,2033,1801,207.83,174.69,45.49,207,174,45,42190,35463,9234,86887,1.1897,0.2604,171.47,3.49,#D0AF2D,,
09-IMG_0980,W04,29,local peak,189,2216.4,1696.0,2216,1696,205.49,169.53,47.29,207,171,49,38838,32041,8938,79817,1.2121,0.279,166.35,4.59,#CDAA2F,,
10-IMG_0979,W01,1,broad,20970,962.1,1072.1,973,1061,217.15,123.5,33.05,213,119,31,4553694,2589864,692968,7836526,1.7583,0.2676,136.8,1.22,#D97C21,,
10-IMG_0979,W01,2,broad,1492,961.2,1333.5,961,1334,219.69,126.02,34.31,218,125,32,327783,188023,51197,567003,1.7433,0.2723,139.26,1.34,#DC7E22,,
10-IMG_0979,W01,3,broad,1447,874.0,1357.3,874,1357,217.14,123.06,33.54,217,123,35,314205,178061,48527,540793,1.7646,0.2725,136.46,1.45,#D97B22,,
10-IMG_0979,W01,4,broad,861,673.7,1126.4,674,1126,216.48,121.93,34.62,218,122,36,186392,104980,29811,321183,1.7755,0.284,135.35,1.43,#D87A23,,
10-IMG_0979,W01,5,broad,809,666.5,1195.1,666,1195,216.68,122.07,35.0,217,123,36,175292,98752,28311,302355,1.7751,0.2867,135.67,1.3,#D97A23,,
10-IMG_0979,W01,6,broad,763,690.9,1062.2,687,1060,216.27,121.35,33.88,215,121,33,165011,92587,25847,283445,1.7822,0.2792,134.95,1.01,#D87922,,
10-IMG_0979,W01,7,broad,741,691.9,1262.4,692,1262,217.02,121.79,34.91,217,121,35,160814,90250,25869,276933,1.7819,0.2866,135.55,1.33,#D97A23,,
10-IMG_0979,W01,8,broad,415,752.4,1330.0,752,1330,217.0,122.03,34.54,216,122,34,90054,50644,14334,155032,1.7782,0.283,135.66,1.4,#D97A23,,
10-IMG_0979,W01,9,bright core,5753,1050.7,1163.9,1051,1164,219.87,126.03,33.58,220,125,33,1264885,725059,193161,2183105,1.7445,0.2664,139.18,1.37,#DC7E22,,
10-IMG_0979,W01,10,bright core,2357,985.7,1011.4,986,1011,218.35,125.26,32.69,217,124,31,514660,295241,77044,886945,1.7432,0.261,138.16,1.09,#DA7D21,,
10-IMG_0979,W01,11,bright core,554,865.2,1363.8,865,1365,218.38,124.43,34.33,217,123,33,120981,68932,19021,208934,1.7551,0.2759,137.7,1.46,#DA7C22,,
10-IMG_0979,W01,12,bright core,352,914.1,967.8,912,969,217.0,125.72,34.81,216,125,34,76383,44252,12253,132888,1.7261,0.2769,138.0,1.44,#D97E23,,
10-IMG_0979,W01,13,bright core,198,1022.4,1098.0,1022,1098,219.16,124.93,34.98,220,126,36,43393,24737,6927,75057,1.7542,0.28,138.11,1.4,#DB7D23,,
10-IMG_0979,W01,14,bright core,169,1011.7,1273.6,1012,1274,220.28,124.91,35.72,221,126,36,37227,21110,6036,64373,1.7635,0.2859,137.95,1.63,#DC7D24,,
10-IMG_0979,W01,15,bright core,119,879.7,955.9,880,956,218.25,124.25,34.25,217,123,33,25972,14786,4076,44834,1.7565,0.2757,137.34,1.33,#DA7C22,,
10-IMG_0979,W01,16,bright core,79,906.5,1358.7,906,1359,218.87,125.0,34.62,219,125,35,17291,9875,2735,29901,1.751,0.277,138.13,1.66,#DB7D23,,
10-IMG_0979,W01,17,bright core,60,828.4,961.7,828,962,217.87,124.57,34.33,218,124,34,13072,7474,2060,22606,1.749,0.2756,137.14,1.34,#DA7D22,,
10-IMG_0979,W01,18,local peak,2297,799.4,983.7,795,975,216.15,122.91,33.66,219,125,37,496496,282335,77315,856146,1.7585,0.2738,136.1,1.24,#D87B22,,
10-IMG_0979,W01,19,local peak,1808,995.3,1306.3,1000,1311,221.64,127.73,34.86,220,125,33,400721,230938,63030,694689,1.7352,0.2729,140.83,1.53,#DE8023,,
10-IMG_0979,W01,20,local peak,1517,724.5,1299.7,724,1304,217.07,122.4,34.88,218,122,35,329301,185681,52918,567900,1.7735,0.285,135.96,1.65,#D97A23,,
10-IMG_0979,W01,21,local peak,780,660.3,1181.2,660,1181,217.13,122.79,35.37,220,124,37,169360,95780,27589,292729,1.7682,0.288,136.23,1.55,#D97B23,,
10-IMG_0979,W01,22,local peak,537,1010.5,1022.9,1011,1022,219.88,126.84,33.46,219,126,33,118073,68113,17969,204155,1.7335,0.2638,139.54,1.43,#DC7F21,,
10-IMG_0979,W01,23,local peak,516,843.6,1363.6,844,1364,218.11,124.16,34.07,216,122,32,112545,64068,17578,194191,1.7566,0.2744,137.49,1.59,#DA7C22,,
10-IMG_0979,W01,24,local peak,354,958.7,978.7,959,979,217.14,125.09,32.76,220,126,36,76867,44281,11597,132745,1.7359,0.2619,137.9,1.21,#D97D21,,
10-IMG_0979,W01,25,local peak,236,1064.7,1116.0,1065,1116,221.21,128.21,35.21,218,125,32,52205,30257,8309,90771,1.7254,0.2746,140.97,1.4,#DD8023,,
10-IMG_0979,W01,26,local peak,232,1066.4,1185.1,1066,1185,222.57,128.98,34.83,223,128,34,51636,29924,8080,89640,1.7256,0.27,141.77,1.32,#DF8123,,
10-IMG_0979,W01,27,local peak,215,1043.3,1058.3,1043,1058,220.55,127.55,33.83,220,127,34,47419,27424,7273,82116,1.7291,0.2652,140.13,1.72,#DD8022,,
10-IMG_0979,W01,28,local peak,200,664.4,1099.8,664,1100,216.06,121.92,33.99,215,121,33,43211,24384,6799,74394,1.7721,0.2788,135.5,1.92,#D87A22,,
10-IMG_0979,W01,29,local peak,134,1069.8,1149.4,1070,1149,222.81,129.81,35.78,222,129,36,29857,17395,4795,52047,1.7164,0.2757,142.35,1.49,#DF8224,,
10-IMG_0979,W01,30,local peak,96,1019.4,1098.6,1019,1099,219.81,125.75,35.83,219,125,35,21102,12072,3440,36614,1.748,0.285,138.74,1.63,#DC7E24,,
10-IMG_0979,W01,31,local peak,80,801.9,1021.4,802,1021,215.97,121.97,34.98,216,122,35,17278,9758,2798,29834,1.7706,0.2867,134.59,1.72,#D87A23,,
10-IMG_0979,W01,32,local peak,77,1070.3,1165.5,1070,1166,222.36,129.36,34.36,223,130,35,17122,9961,2646,29729,1.7189,0.2656,141.77,1.2,#DE8122,,
10-IMG_0979,W01,33,local peak,62,1066.9,1206.7,1067,1207,223.16,128.94,34.55,226,131,37,13836,7994,2142,23972,1.7308,0.268,141.67,1.72,#DF8123,,
10-IMG_0979,W02,1,broad,21889,1879.5,1060.1,1879,1060,219.0,126.94,33.08,215,124,31,4793714,2778618,724186,8296518,1.7252,0.2606,139.69,1.05,#DB7F21,,
10-IMG_0979,W02,2,broad,3577,1806.6,1213.8,1807,1214,220.39,127.26,33.36,218,125,30,788347,455200,119316,1362863,1.7319,0.2621,140.25,1.14,#DC7F21,,
10-IMG_0979,W02,3,broad,311,2046.3,997.6,2046,998,218.3,124.3,34.3,217,123,33,67892,38658,10668,117218,1.7562,0.276,137.32,1.12,#DA7C22,,
10-IMG_0979,W02,4,broad,140,2065.6,1003.6,2066,1004,218.64,124.64,34.64,220,126,36,30610,17450,4850,52910,1.7542,0.2779,137.42,1.2,#DB7D23,,
10-IMG_0979,W02,5,bright core,8676,1824.0,1082.0,1824,1082,221.58,129.48,34.12,222,129,34,1922440,1123339,296063,3341842,1.7114,0.2636,142.07,1.14,#DE8122,,
10-IMG_0979,W02,6,bright core,2055,1796.6,1216.4,1797,1216,221.89,128.81,34.1,220,127,32,455993,264706,70067,790766,1.7226,0.2647,141.64,1.16,#DE8122,,
10-IMG_0979,W02,7,bright core,116,1911.6,981.6,1912,982,219.5,128.5,34.16,220,129,36,25462,14906,3962,44330,1.7082,0.2658,140.36,1.13,#DC8022,,
10-IMG_0979,W02,8,bright core,86,1908.1,1014.4,1908,1014,219.03,128.06,34.99,221,130,37,18837,11013,3009,32859,1.7104,0.2732,140.29,0.96,#DB8023,,
10-IMG_0979,W02,9,bright core,67,1865.8,1080.5,1866,1080,219.07,128.9,33.43,221,131,35,14678,8636,2240,25554,1.6996,0.2594,140.65,1.29,#DB8121,,
10-IMG_0979,W02,10,bright core,56,1827.4,1171.2,1827,1171,221.02,128.02,35.02,220,127,34,12377,7169,1961,21507,1.7265,0.2735,140.51,1.37,#DD8023,,
10-IMG_0979,W02,11,local peak,3643,1887.5,1022.6,1875,1005,220.72,128.78,34.31,221,131,35,804098,469160,124982,1398240,1.7139,0.2664,141.37,1.23,#DD8122,,
10-IMG_0979,W02,12,local peak,524,1776.2,1177.8,1776,1178,225.65,132.65,36.91,227,134,38,118241,69509,19340,207090,1.7011,0.2782,145.25,1.39,#E28525,,
10-IMG_0979,W02,13,local peak,363,2106.9,1019.2,2107,1019,216.86,122.94,32.69,219,125,35,78719,44629,11866,135214,1.7639,0.2659,135.93,1.18,#D97B21,,
10-IMG_0979,W02,14,local peak,363,2143.1,1066.4,2143,1066,217.14,122.74,32.73,218,123,33,78822,44553,11880,135255,1.7692,0.2666,136.02,1.3,#D97B21,,
10-IMG_0979,W02,15,local peak,239,1785.7,1231.8,1786,1232,223.95,130.24,35.59,224,131,36,53524,31127,8507,93158,1.7195,0.2733,143.0,1.12,#E08224,,
10-IMG_0979,W02,16,local peak,93,1815.6,1278.6,1816,1279,219.31,125.31,36.09,223,129,41,20396,11654,3356,35406,1.7501,0.288,138.22,1.87,#DB7D24,,
10-IMG_0979,W02,17,local peak,86,2075.9,1345.0,2076,1345,218.36,122.84,33.94,218,123,33,18779,10564,2919,32262,1.7776,0.2763,136.22,1.42,#DA7B22,,
10-IMG_0979,W02,18,local peak,81,1836.5,1281.4,1837,1281,218.95,123.27,36.41,222,126,39,17735,9985,2949,30669,1.7762,0.2953,136.48,2.18,#DB7B24,,
10-IMG_0979,W02,19,local peak,75,2109.4,1316.4,2109,1316,220.15,122.44,35.59,222,124,37,16511,9183,2669,28363,1.798,0.2906,135.97,1.09,#DC7A24,,
10-IMG_0979,W02,20,local peak,68,1838.6,1186.6,1839,1187,222.03,129.57,37.41,224,131,38,15098,8811,2544,26453,1.7135,0.2887,141.78,1.81,#DE8225,,
10-IMG_0979,W02,21,local peak,64,2094.7,1331.2,2095,1331,218.89,122.02,35.02,220,124,37,14009,7809,2241,24059,1.794,0.287,135.68,1.17,#DB7A23,,
10-IMG_0979,W03,1,broad,25520,904.9,2003.3,914,1988,209.17,119.22,32.04,203,114,30,5337977,3042529,817771,9198277,1.7545,0.2688,131.98,1.74,#D17720,,
10-IMG_0979,W03,2,broad,1424,1032.2,2270.7,1031,2271,202.49,116.19,31.67,199,110,26,288344,165454,45096,498894,1.7427,0.2726,128.2,1.7,#CA7420,,
10-IMG_0979,W03,3,broad,170,1084.7,2201.3,1085,2201,206.28,117.65,32.31,206,117,33,35067,20000,5492,60559,1.7533,0.2746,130.16,2.1,#CE7620,,
10-IMG_0979,W03,4,broad,109,750.2,2054.8,750,2055,204.02,115.02,31.81,206,117,33,22238,12537,3467,38242,1.7738,0.2765,127.46,1.19,#CC7320,,
10-IMG_0979,W03,5,broad,101,967.4,2317.6,967,2318,201.3,115.3,32.3,204,118,35,20331,11645,3262,35238,1.7459,0.2801,127.27,1.32,#C97320,,
10-IMG_0979,W03,6,bright core,9801,909.3,1956.4,899,1957,213.79,123.1,33.62,212,122,36,2095362,1206525,329480,3631367,1.7367,0.2731,135.81,1.76,#D67B22,,
10-IMG_0979,W03,7,bright core,1092,1083.3,2051.2,1084,2049,212.93,122.71,33.63,215,127,37,232522,133994,36725,403241,1.7353,0.2741,135.18,1.86,#D57B22,,
10-IMG_0979,W03,8,bright core,474,706.6,2054.1,707,2054,211.39,121.41,33.95,213,123,35,100197,57547,16090,173834,1.7411,0.2796,133.68,1.66,#D37922,,
10-IMG_0979,W03,9,bright core,143,757.4,1999.7,757,2000,211.24,121.0,35.01,213,123,37,30207,17303,5006,52516,1.7458,0.2893,133.36,1.67,#D37923,,
10-IMG_0979,W03,10,bright core,108,1099.0,2148.6,1099,2149,210.72,121.08,32.81,213,123,35,22758,13077,3543,39378,1.7403,0.2709,133.18,1.78,#D37921,,
10-IMG_0979,W03,11,local peak,1700,1051.6,2004.1,1061,2004,215.63,124.99,34.63,215,124,33,366569,212488,58866,637923,1.7251,0.277,137.42,1.72,#D87D23,,
10-IMG_0979,W03,12,local peak,923,1080.5,2207.3,1081,2206,206.94,118.8,32.65,207,118,34,191006,109656,30132,330794,1.7419,0.2748,130.97,2.2,#CF7721,,
10-IMG_0979,W03,13,local peak,567,748.6,1985.1,747,1983,214.14,123.0,34.89,210,119,30,121418,69740,19781,210939,1.741,0.2836,135.63,1.98,#D67B23,,
10-IMG_0979,W03,14,local peak,526,706.4,2055.7,706,2056,211.28,121.36,33.88,210,120,32,111131,63835,17821,192787,1.7409,0.2792,133.59,1.74,#D37922,,
10-IMG_0979,W03,15,local peak,513,1009.0,2292.5,1009,2293,202.27,116.27,31.88,201,115,30,103762,59644,16357,179763,1.7397,0.2742,128.14,1.67,#CA7420,,
10-IMG_0979,W03,16,local peak,499,808.4,1941.6,808,1942,215.39,125.66,35.76,214,125,35,107478,62706,17846,188030,1.714,0.2846,137.86,1.89,#D77E24,,
10-IMG_0979,W03,17,local peak,386,936.9,1923.6,937,1924,216.82,125.75,34.79,218,127,36,83694,48541,13428,145663,1.7242,0.2766,138.26,1.22,#D97E23,,
10-IMG_0979,W03,18,local peak,378,859.4,1930.9,859,1931,216.35,125.43,35.34,216,125,34,81779,47411,13359,142549,1.7249,0.2818,137.73,1.63,#D87D23,,
10-IMG_0979,W03,19,local peak,226,891.8,1920.5,892,1920,217.75,125.45,35.52,215,124,33,49211,28351,8027,85589,1.7358,0.2831,137.96,2.06,#DA7D24,,
10-IMG_0979,W03,20,local peak,207,967.6,2315.7,968,2316,200.65,114.65,31.48,203,117,34,41534,23732,6517,71783,1.7501,0.2746,126.69,1.51,#C9731F,,
10-IMG_0979,W03,21,local peak,198,1104.0,2114.8,1104,2115,212.51,121.89,33.27,217,126,37,42076,24134,6588,72798,1.7434,0.273,134.61,2.62,#D57A21,,
10-IMG_0979,W03,22,local peak,190,706.6,2207.4,707,2207,202.18,114.46,33.18,206,117,35,38414,21747,6305,66466,1.7664,0.2899,126.55,2.97,#CA7221,,
10-IMG_0979,W03,23,local peak,184,1021.6,2264.1,1022,2264,203.03,116.47,32.65,203,117,32,37357,21430,6007,64794,1.7432,0.2803,128.26,2.44,#CB7421,,
10-IMG_0979,W03,24,local peak,170,693.4,2096.9,693,2097,211.12,120.92,35.61,216,126,40,35891,20557,6054,62502,1.7459,0.2945,133.17,2.69,#D37924,,
10-IMG_0979,W03,25,local peak,168,707.5,2170.7,708,2171,205.54,117.23,35.0,205,116,34,34530,19695,5880,60105,1.7532,0.2986,129.04,2.35,#CE7523,,
10-IMG_0979,W03,26,local peak,162,823.2,2316.9,823,2318,196.29,112.32,31.65,192,109,29,31799,18196,5127,55122,1.7476,0.2818,124.01,1.37,#C47020,,
10-IMG_0979,W04,1,broad,25983,1981.7,1980.0,1982,1980,209.27,118.9,32.6,205,114,33,5437491,3089417,847053,9373961,1.76,0.2742,131.82,1.58,#D17721,,
10-IMG_0979,W04,2,broad,142,1873.0,2238.0,1873,2238,202.05,114.55,33.58,202,115,35,28691,16266,4768,49725,1.7639,0.2931,127.16,1.94,#CA7322,,
10-IMG_0979,W04,3,broad,135,1863.7,2090.6,1864,2091,203.76,114.73,34.71,202,113,33,27508,15488,4686,47682,1.7761,0.3026,126.79,1.78,#CC7323,,
10-IMG_0979,W04,4,broad,117,1913.8,2029.8,1914,2030,203.09,114.09,34.09,204,115,35,23762,13349,3989,41100,1.7801,0.2988,126.62,1.89,#CB7222,,
10-IMG_0979,W04,5,bright core,10721,1952.4,1949.7,1952,1950,213.86,123.17,33.86,211,119,32,2292756,1320533,363018,3976307,1.7362,0.2749,135.91,1.56,#D67B22,,
10-IMG_0979,W04,6,bright core,131,1819.4,2086.6,1819,2087,209.63,121.63,34.05,208,120,33,27461,15933,4460,47854,1.7235,0.2799,133.38,1.77,#D27A22,,
10-IMG_0979,W04,7,bright core,115,2012.8,1940.1,2013,1940,211.23,121.0,33.86,209,119,33,24291,13915,3894,42100,1.7457,0.2798,132.84,1.43,#D37922,,
10-IMG_0979,W04,8,bright core,86,1973.8,1946.9,1974,1947,212.42,120.47,33.37,216,124,37,18268,10360,2870,31498,1.7633,0.277,133.05,1.34,#D47821,,
10-IMG_0979,W04,9,bright core,67,1822.5,2103.2,1823,2103,210.04,122.04,35.04,209,121,34,14073,8177,2348,24598,1.721,0.2871,133.23,1.82,#D27A23,,
10-IMG_0979,W04,10,local peak,3179,2126.7,1963.0,2127,1944,210.58,119.67,33.81,212,120,33,669423,380428,107483,1157334,1.7597,0.2825,132.53,1.52,#D37822,,
10-IMG_0979,W04,11,local peak,1081,1830.1,2041.8,1830,2042,213.12,124.53,34.74,213,123,35,230381,134613,37553,402547,1.7114,0.279,136.53,1.9,#D57D23,,
10-IMG_0979,W04,12,local peak,480,1973.2,1905.5,1973,1906,216.89,125.89,34.99,219,128,37,104107,60427,16797,181331,1.7229,0.278,138.44,1.72,#D97E23,,
10-IMG_0979,W04,13,local peak,401,1841.8,2191.5,1842,2191,205.38,117.19,33.93,208,122,39,82356,46994,13605,142955,1.7525,0.2895,129.45,2.28,#CD7522,,
10-IMG_0979,W04,14,local peak,331,1927.7,1919.9,1928,1920,218.59,127.59,36.13,218,127,36,72352,42231,11958,126541,1.7132,0.2832,139.86,1.48,#DB8024,,
10-IMG_0979,W04,15,local peak,262,1873.9,2238.3,1874,2238,201.33,114.26,33.13,200,113,33,52748,29936,8680,91364,1.762,0.29,126.7,2.05,#C97221,,
10-IMG_0979,W04,16,local peak,224,2150.8,2251.3,2151,2252,196.56,110.11,32.45,194,107,30,44030,24665,7269,75964,1.7851,0.2947,122.2,2.66,#C56E20,,
10-IMG_0979,W04,17,local peak,159,2214.7,2142.3,2215,2142,195.82,108.58,29.82,198,111,32,31136,17264,4742,53142,1.8035,0.2747,121.19,1.4,#C46D1E,,
10-IMG_0979,W04,18,local peak,135,1917.1,2273.0,1917,2273,197.77,111.07,32.82,198,113,33,26699,14994,4431,46124,1.7806,0.2955,123.34,1.69,#C66F21,,
10-IMG_0979,W04,19,local peak,129,1820.4,2130.9,1820,2131,207.75,119.19,33.88,203,114,30,26800,15375,4371,46546,1.7431,0.2843,131.26,2.18,#D07722,,
10-IMG_0979,W04,20,local peak,108,2000.2,2293.0,2000,2293,195.85,109.27,31.49,198,111,32,21152,11801,3401,36354,1.7924,0.2882,121.58,1.72,#C46D1F,,
10-IMG_0979,W04,21,local peak,98,2118.4,2024.1,2118,2024,200.64,110.39,34.54,198,108,32,19663,10818,3385,33866,1.8176,0.3129,123.31,2.76,#C96E23,,
10-IMG_0979,W04,22,local peak,97,1837.8,2120.8,1838,2121,208.88,119.88,35.88,210,121,37,20261,11628,3480,35369,1.7424,0.2993,131.81,1.98,#D17824,,
10-IMG_0979,W04,23,local peak,84,1906.6,2085.3,1907,2085,199.92,109.7,34.08,201,111,35,16793,9215,2863,28871,1.8224,0.3107,122.8,2.28,#C86E22,,
10-IMG_0979,W04,24,local peak,70,2175.4,2223.0,2175,2223,196.07,109.27,31.4,197,110,33,13725,7649,2198,23572,1.7944,0.2874,121.31,2.1,#C46D1F,,
10-IMG_0979,W04,25,local peak,69,2148.3,2219.7,2148,2220,198.2,110.55,34.93,199,112,35,13676,7628,2410,23714,1.7929,0.3159,122.27,2.78,#C66F23,,
